0,1,2,3,4,5,6,7,8,9,10,11,12,13,14,15,16
43,21,1,1,2,0,1,1,4,1,1,2,2,2,1,1,1
9,5,5,7,2,8,1,3,0,1,1,2,2,2,2,2,0
45,19,5,2,1,0,1,1,4,1,1,2,2,1,2,2,0
79,16,2,5,2,0,1,1,4,1,1,2,2,2,2,2,0
35,21,3,0,2,0,1,1,4,1,1,2,2,2,2,1,1
47,19,1,1,2,0,1,1,4,2,1,2,2,2,1,1,1
14,11,5,2,2,2,1,1,0,2,1,2,2,2,1,1,0
72,20,1,0,2,0,1,1,4,2,1,2,2,2,1,9,0
1,0,5,2,2,2,1,1,0,1,1,2,2,0,1,6,0
17,13,5,3,2,1,1,1,4,1,1,2,2,2,2,1,1
71,22,1,0,1,0,1,1,4,1,1,1,2,2,1,1,1
39,17,3,16,2,0,1,1,4,1,1,2,2,2,1,2,0
11,8,5,7,2,0,1,1,0,4,1,2,2,2,1,1,0
68,20,1,0,2,0,1,1,2,1,1,2,2,2,1,1,0
33,21,1,1,2,0,1,1,4,1,1,2,2,2,2,1,1
93,9,1,0,1,0,1,1,4,4,1,2,2,1,1,2,0
6,3,5,2,2,1,1,1,0,1,1,2,2,2,1,1,0
52,16,4,10,2,0,1,1,4,1,1,2,2,2,2,2,0
12,9,5,2,2,1,1,1,0,1,1,2,2,2,2,1,0
56,16,3,17,2,0,1,1,4,2,1,2,2,2,2,1,0
60,21,1,1,2,0,1,1,3,1,1,2,2,2,2,2,1
64,23,5,0,2,0,1,1,2,1,1,2,2,2,1,1,1
22,20,1,1,2,0,1,3,4,1,1,2,2,2,2,1,1
62,16,1,1,2,0,1,1,4,1,1,2,2,2,2,1,1
85,14,2,8,1,0,1,1,4,3,1,2,2,2,2,1,0
36,19,5,15,2,0,1,1,4,1,1,2,2,2,2,2,1
61,21,3,0,2,0,1,1,4,1,1,2,2,2,2,2,0
73,12,2,0,2,0,1,1,4,4,1,2,2,2,2,2,0
48,16,1,1,2,0,1,1,4,1,1,2,2,2,1,1,1
65,21,3,0,2,0,1,1,4,1,1,2,2,2,1,1,1
71,23,1,0,1,0,1,1,4,1,1,2,2,2,2,1,0
57,16,1,0,2,0,1,1,4,1,1,2,2,2,1,1,1
77,24,1,0,2,0,1,1,4,2,1,2,2,2,1,1,0
65,19,1,0,2,0,1,1,4,1,1,2,2,2,1,1,0
55,20,1,1,2,0,1,1,2,1,1,2,2,2,1,1,1
27,16,1,1,2,0,1,1,4,1,1,2,2,2,2,1,0
7,4,5,4,2,1,1,3,0,3,1,2,2,2,2,1,0
39,16,1,1,2,0,1,1,4,1,1,2,2,2,1,1,1
75,16,3,6,2,0,1,1,4,1,1,2,2,2,2,2,0
63,18,3,0,2,0,1,1,4,4,1,2,2,2,1,1,1
56,12,3,0,2,0,1,1,4,1,1,2,2,2,1,1,1
68,19,1,0,2,0,1,1,4,1,1,2,2,2,2,1,0
4,1,5,2,2,1,1,1,0,4,1,2,2,0,1,1,0
52,16,1,0,2,0,1,2,2,2,1,2,2,2,1,1,1
63,14,2,0,1,0,1,1,4,4,1,1,1,1,1,1,0
64,22,5,0,1,0,1,1,4,1,1,2,2,2,2,1,0
14,10,5,2,2,1,1,3,0,1,1,2,2,2,1,1,0
27,20,1,0,2,0,1,1,4,2,1,2,2,2,1,1,1
14,11,5,2,2,1,1,1,0,1,1,2,2,2,1,1,0
15,11,5,2,2,7,1,1,0,4,1,2,2,2,2,2,0
7,4,5,3,2,4,1,1,0,4,1,2,2,2,2,2,0
17,13,5,4,1,1,1,1,4,2,1,2,2,1,1,1,0
48,16,1,1,2,0,1,1,4,1,1,2,2,2,1,2,1
44,21,1,0,2,0,1,1,4,1,1,2,2,2,1,1,1
4,2,5,2,2,1,1,1,0,1,1,2,2,0,2,1,0
7,4,5,2,2,7,1,1,0,1,1,2,2,2,2,1,0
18,18,5,17,2,0,1,3,4,2,1,2,2,2,1,2,1
21,19,5,0,2,0,4,1,4,1,2,2,2,2,2,1,0
28,15,1,0,2,0,1,3,4,1,1,2,2,2,1,1,0
21,13,5,7,2,0,1,1,4,2,1,2,2,2,2,9,0
26,19,5,2,2,0,1,1,4,1,1,2,2,2,1,2,0
57,21,2,0,2,0,1,1,3,2,1,2,2,2,2,1,1
82,13,2,0,1,0,1,1,4,1,1,2,2,2,2,1,0
50,19,1,1,2,0,1,1,4,1,1,2,2,2,2,1,1
69,16,2,0,2,0,1,1,2,1,1,2,2,2,1,1,1
19,19,5,17,2,0,1,1,4,1,1,2,2,2,2,2,1
70,11,2,0,2,0,1,1,4,1,1,2,2,2,1,1,0
59,13,1,1,1,0,1,1,3,1,1,1,2,2,1,1,1
4,2,5,7,2,0,1,1,0,1,1,2,2,0,2,8,0
72,16,1,0,2,0,1,1,4,1,1,2,2,2,1,2,0
14,12,5,2,2,1,1,1,0,3,1,2,2,2,2,1,0
72,14,3,0,1,0,1,1,4,1,1,2,2,1,2,1,0
6,4,5,7,2,0,1,1,0,1,1,2,2,2,2,2,0
51,16,1,1,2,0,1,1,2,1,1,2,2,2,1,1,1
28,17,5,2,2,0,1,1,4,4,1,2,2,2,2,1,1
64,16,1,0,2,0,1,1,4,1,1,2,2,2,2,1,0
78,16,2,0,1,0,1,1,4,1,1,2,1,2,2,1,0
27,18,5,0,2,0,1,1,4,1,1,2,2,2,2,2,0
12,10,5,16,2,0,1,3,0,4,1,2,2,2,2,1,0
69,21,1,0,1,0,1,1,2,1,1,1,2,2,1,1,0
27,19,5,13,2,0,1,3,4,4,1,2,2,2,1,2,1
33,20,1,1,2,0,1,1,4,1,1,2,2,2,1,1,0
60,21,3,0,2,0,1,3,4,1,1,2,2,2,2,1,0
39,18,1,1,2,0,1,1,2,1,1,2,2,2,1,1,1
60,20,3,2,2,0,1,1,4,4,1,2,2,2,2,2,0
76,16,1,0,1,0,1,1,4,1,1,1,2,2,1,1,0
57,16,1,1,2,0,1,1,4,1,1,2,2,2,1,1,1
54,19,5,0,2,0,1,1,4,2,1,2,2,2,1,1,1
40,20,5,2,2,0,1,1,4,1,1,2,2,2,2,2,1
16,16,5,2,2,1,1,1,0,4,1,2,2,2,1,1,0
60,16,3,16,2,0,1,1,4,2,1,2,2,2,1,1,0
31,20,5,13,2,0,1,1,2,4,1,2,2,2,1,1,1
84,20,3,0,2,0,1,1,4,1,1,2,2,2,2,2,0
75,16,2,0,2,0,1,1,4,2,1,2,2,2,2,1,0
77,16,2,8,1,0,1,1,4,4,1,2,2,1,2,1,0
42,21,1,0,2,0,1,1,4,1,1,2,2,2,2,9,1
79,17,1,0,2,0,1,1,4,1,1,2,2,2,2,2,1
17,14,5,2,2,1,1,1,4,2,1,2,2,2,2,1,1
67,18,1,1,2,0,1,1,4,2,1,2,2,2,2,1,0
4,1,5,2,2,7,1,1,0,2,1,2,2,0,1,1,0
2,0,5,2,2,3,3,1,0,1,1,2,2,0,1,2,0
49,17,1,0,1,0,1,1,4,4,1,1,2,2,1,1,0
20,16,5,0,2,0,1,3,4,2,1,2,2,2,1,1,0
53,16,1,0,2,0,1,1,4,1,1,2,2,2,1,1,1
38,16,3,0,2,0,1,3,3,4,1,2,2,2,1,1,1
59,16,5,0,1,0,1,1,4,4,1,2,2,2,2,2,0
61,18,3,0,2,0,1,1,2,1,1,2,2,2,1,1,0
54,15,1,1,2,0,1,1,4,4,1,2,2,2,1,1,1
53,16,1,1,2,0,1,1,4,1,1,2,2,2,2,1,1
63,16,1,1,2,0,1,1,4,1,1,2,2,2,2,1,1
71,18,1,1,1,0,5,1,4,2,2,2,1,2,2,1,0
71,16,2,6,1,0,1,1,3,2,1,1,2,2,1,1,0
22,16,5,12,2,0,1,1,4,2,1,2,2,2,1,1,1
57,22,1,1,1,0,1,1,4,1,1,2,1,2,2,1,0
62,16,1,1,2,0,1,1,2,1,1,2,2,2,1,2,0
1,0,5,2,2,2,1,1,0,4,1,2,2,0,2,1,0
22,20,1,1,2,0,1,1,4,1,1,2,2,2,2,1,1
13,11,5,4,2,2,1,1,0,1,1,2,2,2,1,1,0
5,2,5,4,2,4,1,3,0,1,1,2,2,2,1,1,0
0,0,5,2,2,1,1,0,0,4,1,2,2,0,1,1,0
59,22,1,0,2,0,1,1,4,2,1,2,2,2,2,1,0
18,18,5,17,2,0,1,3,4,1,1,2,2,2,2,2,0
23,16,5,12,2,0,1,1,4,4,1,2,2,2,2,1,0
6,2,5,7,2,7,1,1,0,1,1,2,2,2,1,1,0
0,0,5,2,2,2,1,0,0,4,1,2,2,0,2,1,0
62,19,3,0,2,0,1,1,4,1,1,2,2,2,2,1,1
15,11,5,15,2,0,1,1,0,4,1,2,2,2,1,1,0
67,16,3,0,2,0,1,1,4,1,1,2,2,2,1,2,1
79,19,1,0,2,0,1,1,3,1,1,2,2,2,1,1,1
40,16,1,0,2,0,1,1,4,1,1,2,2,2,2,2,1
55,16,1,1,2,0,1,1,4,1,1,2,2,2,2,1,0
1,0,5,2,2,7,1,1,0,1,1,2,2,0,2,2,0
52,9,1,6,2,0,5,1,4,1,2,2,2,2,2,5,0
83,16,1,0,1,0,1,1,4,1,1,2,2,2,2,2,0
17,14,5,2,2,2,1,1,4,4,1,2,2,2,1,1,0
44,16,5,0,2,0,1,1,4,1,1,2,2,2,1,1,1
74,18,2,0,2,0,1,1,4,1,1,2,2,2,2,1,0
58,19,1,1,2,0,1,1,4,4,1,2,2,2,1,1,0
58,18,1,1,2,0,1,1,4,4,1,2,2,2,2,1,1
68,20,1,1,2,0,1,1,2,4,1,2,2,2,1,1,0
56,18,1,2,1,0,1,1,2,1,1,2,2,2,1,1,0
76,18,2,0,2,0,1,1,4,1,1,2,2,2,2,1,0
87,19,1,0,1,0,1,1,2,1,1,1,2,2,1,1,0
69,16,5,16,1,0,1,3,4,4,1,2,1,2,1,2,0
44,19,1,1,2,0,1,1,4,1,1,2,2,2,2,1,1
52,19,1,0,2,0,1,1,4,1,1,2,2,2,2,2,1
43,21,1,0,2,0,1,1,4,4,1,2,2,2,1,1,1
56,19,5,5,2,0,1,1,4,1,1,2,2,2,1,2,1
27,21,1,1,1,0,1,1,4,1,1,2,1,2,2,1,0
59,22,1,1,2,0,1,1,4,1,1,2,2,2,1,2,1
79,14,4,0,2,0,1,3,4,2,1,2,2,2,2,1,0
15,11,5,2,2,1,1,1,0,4,1,2,2,2,1,1,0
60,19,1,0,2,0,1,1,4,3,1,2,2,2,1,1,1
54,18,1,1,1,0,1,1,4,1,1,2,2,1,2,1,0
68,16,5,12,2,0,1,1,4,4,1,2,2,2,2,1,0
22,16,5,12,2,0,1,1,4,3,1,2,2,2,1,1,1
77,19,4,0,2,0,1,1,4,4,1,2,2,2,2,1,0
36,16,3,0,2,0,1,1,4,1,1,2,2,2,2,1,0
58,18,1,1,2,0,1,1,2,1,1,2,2,2,1,1,1
26,1,1,1,2,0,1,1,4,1,1,2,2,2,2,2,1
83,16,2,0,1,0,1,1,4,1,1,2,1,2,2,2,0
53,16,5,12,1,0,1,3,4,4,1,2,2,2,2,2,1
69,18,2,0,2,0,1,1,4,1,1,2,2,2,2,1,0
74,1,1,0,2,0,1,1,2,4,1,2,2,2,1,1,0
81,22,1,0,2,0,1,1,2,2,1,2,2,2,1,1,0
21,16,5,2,2,0,1,1,4,4,1,2,2,2,2,1,1
31,17,5,0,2,0,1,3,4,4,1,2,2,2,2,2,1
24,21,5,2,2,0,1,1,4,1,1,2,2,2,1,2,0
22,16,5,17,2,0,1,3,4,4,1,2,2,2,1,2,0
27,16,3,13,2,0,1,1,4,4,1,2,2,2,2,1,0
67,13,2,0,2,0,1,1,4,1,1,2,2,2,2,1,1
63,17,1,0,1,0,1,1,4,2,1,2,2,1,2,1,0
2,0,5,2,2,1,1,1,0,1,1,2,2,0,2,6,0
11,7,5,4,2,2,1,1,0,1,1,2,2,2,2,1,0
66,20,1,1,2,0,1,1,4,3,1,2,2,2,2,1,0
82,17,1,0,1,0,1,1,2,4,1,1,2,2,1,1,0
6,3,5,2,2,7,1,1,0,1,1,2,2,2,2,2,0
79,20,2,6,1,0,1,3,4,2,1,2,2,2,2,1,0
0,0,5,2,2,1,1,0,0,4,1,2,2,0,1,1,0
50,20,1,1,2,0,1,1,4,1,1,2,2,2,1,1,1
50,16,3,2,2,0,1,1,4,1,1,2,2,2,1,2,1
3,1,5,2,2,8,1,1,0,4,1,2,2,0,1,1,0
36,16,5,12,2,0,1,3,2,4,1,2,2,2,1,1,1
30,19,5,0,2,0,1,1,4,3,1,2,2,2,2,1,1
71,18,3,0,1,0,1,1,4,2,1,2,2,1,2,1,0
67,23,1,0,2,0,1,1,4,1,1,2,2,2,1,1,0
10,8,5,2,2,1,1,1,0,3,1,2,2,2,2,1,0
53,12,1,0,1,0,1,3,4,1,1,1,2,2,1,1,1
11,8,5,2,2,1,1,1,0,4,1,2,2,2,1,1,0
46,20,1,0,2,0,1,1,4,3,1,2,2,2,1,1,1
67,20,5,0,2,0,1,1,4,1,1,2,2,2,2,1,1
51,20,2,0,2,0,1,1,4,1,1,2,2,2,2,1,1
30,18,5,16,2,0,1,3,4,2,1,2,2,2,1,2,0
70,20,3,0,2,0,1,1,2,1,1,2,2,2,1,1,0
55,22,1,0,2,0,1,1,2,1,1,2,2,2,1,1,1
69,1,5,3,1,0,1,1,4,4,1,1,2,1,2,1,0
19,19,5,17,2,0,1,3,4,2,1,2,2,2,1,9,0
55,19,3,0,1,0,1,1,4,1,1,2,1,2,1,1,0
4,2,5,2,2,1,1,3,0,1,1,2,2,0,1,1,0
53,18,2,0,1,0,1,1,4,1,1,2,2,2,2,2,0
5,2,5,7,2,0,1,1,0,4,1,2,2,2,2,7,0
19,16,5,17,2,0,1,3,4,1,1,2,2,2,1,2,0
62,21,2,0,2,0,3,1,2,1,1,2,2,2,1,1,1
1,0,5,2,2,2,1,3,0,2,1,2,2,0,1,1,0
45,19,3,0,1,0,1,1,4,1,1,2,2,1,1,2,0
22,16,5,2,1,0,1,1,4,3,1,2,2,1,1,1,0
81,16,2,0,2,0,1,1,4,4,1,2,2,2,2,1,0
6,3,5,2,2,3,1,1,0,1,1,2,2,2,1,1,0
15,12,5,2,2,8,1,3,0,3,1,2,2,2,1,1,0
70,21,1,0,2,0,1,1,4,2,1,2,2,2,1,1,0
22,16,5,0,2,0,1,3,4,2,1,2,2,2,1,1,1
46,16,4,10,2,0,1,3,4,2,1,2,2,2,2,1,0
57,13,5,0,1,0,1,1,4,4,1,2,2,2,1,2,0
19,19,5,0,2,0,1,3,4,4,1,2,2,2,1,2,0
0,0,5,2,2,1,1,0,0,1,1,2,2,0,1,2,0
73,17,1,0,2,0,1,1,2,2,1,2,2,2,1,1,0
44,19,1,1,2,0,1,3,4,1,1,2,2,2,2,1,0
66,19,1,0,2,0,1,1,4,1,1,2,2,2,1,1,1
51,16,3,15,2,0,1,1,4,4,1,2,2,2,2,1,0
65,21,1,0,1,0,1,1,2,1,1,1,2,2,1,1,0
13,11,5,2,2,1,1,3,0,2,1,2,2,2,1,1,0
43,22,1,1,2,0,1,1,4,1,1,2,2,2,2,1,0
0,0,5,2,2,7,1,0,0,2,1,2,2,0,2,1,0
17,14,5,2,2,1,1,1,4,1,1,2,2,2,1,1,0
73,16,3,0,2,0,1,1,4,4,1,2,2,2,2,2,0
34,16,1,0,2,0,1,1,4,4,1,2,2,2,2,1,0
57,14,5,10,1,0,1,1,4,1,1,1,1,1,2,2,0
27,19,1,0,2,0,1,1,4,1,1,2,2,2,2,1,0
17,14,5,2,2,1,1,1,4,1,1,2,2,2,2,1,0
55,22,1,1,2,0,1,1,2,1,1,2,2,2,2,1,1
10,7,5,7,2,7,1,1,0,1,1,2,2,2,1,2,0
63,20,3,5,2,0,1,3,2,1,1,2,2,2,1,1,0
57,21,1,1,2,0,1,1,2,1,1,2,2,2,1,1,1
47,20,1,0,2,0,1,1,4,1,1,2,2,2,1,1,1
49,14,2,0,1,0,1,1,4,1,1,1,1,2,2,1,0
76,21,1,1,1,0,1,1,4,1,1,1,2,2,2,1,0
63,17,3,0,1,0,1,1,4,1,1,1,1,1,2,1,0
61,16,1,0,2,0,1,1,4,1,1,2,2,2,1,2,0
68,21,1,1,1,0,1,1,2,1,1,1,2,2,1,1,1
25,18,5,2,2,0,1,1,4,4,1,2,2,2,1,1,1
49,23,3,0,2,0,1,1,4,1,1,2,2,2,1,9,0
57,16,1,1,2,0,1,1,4,1,1,2,2,2,2,1,0
28,16,1,1,1,0,1,3,4,4,1,2,1,1,1,1,0
23,17,5,2,1,0,1,1,4,1,1,2,2,1,2,3,0
8,5,5,2,2,1,1,1,0,1,1,2,2,2,2,1,0
71,15,1,1,1,0,1,1,4,1,1,2,2,2,2,1,0
21,19,5,17,2,0,1,1,4,1,1,2,2,2,2,1,0
31,18,1,0,2,0,1,1,4,1,1,2,2,2,1,1,1
52,21,1,1,2,0,1,1,3,1,1,2,2,2,1,1,1
66,21,1,0,1,0,1,1,3,1,1,2,2,2,1,1,0
18,18,5,17,2,0,1,3,4,1,1,2,2,2,2,1,0
54,18,1,0,1,0,1,1,4,1,1,2,2,2,2,2,0
33,20,5,0,2,0,1,1,4,1,1,2,2,2,1,2,1
39,21,1,0,2,0,1,1,4,1,1,2,2,2,2,1,1
45,20,1,0,2,0,1,1,4,4,1,2,2,2,2,1,1
30,21,1,1,2,0,1,3,4,1,1,2,2,2,1,1,1
25,20,1,1,2,0,1,1,4,1,1,2,2,2,2,1,1
38,14,5,2,2,0,1,1,4,4,1,2,2,2,2,2,0
44,21,1,0,2,0,1,1,4,2,1,2,2,2,2,1,1
20,16,5,0,2,0,1,1,4,1,1,2,2,2,2,1,1
45,20,1,1,2,0,1,1,4,4,1,2,2,2,1,1,1
76,16,1,1,1,0,1,1,4,2,1,2,2,2,1,1,0
33,16,1,1,2,0,1,1,4,4,1,2,2,2,1,1,1
80,20,1,1,1,0,1,1,4,4,1,2,2,1,2,1,0
49,15,5,2,1,0,1,1,4,2,1,2,2,1,1,1,0
48,23,3,0,2,0,1,1,4,2,1,2,2,2,2,1,1
53,21,1,0,2,0,1,1,4,1,1,2,2,2,2,1,1
69,17,1,1,2,0,1,1,4,1,1,2,2,2,2,1,0
14,11,5,3,2,1,1,1,0,4,1,2,2,2,1,1,0
16,13,5,2,2,4,1,1,0,1,1,2,2,2,2,1,0
7,4,5,2,2,7,1,1,0,1,1,2,2,2,1,2,0
47,17,4,15,1,0,1,3,4,1,1,2,2,2,1,9,0
17,14,5,2,2,1,5,1,4,1,2,2,2,2,1,2,0
25,21,3,0,2,0,1,1,4,4,1,2,2,2,2,1,1
13,9,5,2,2,1,1,1,0,4,1,2,2,2,1,1,0
60,10,3,0,2,0,1,1,4,4,1,2,2,2,2,1,1
13,10,5,2,2,7,1,1,0,4,1,2,2,2,2,1,0
7,4,5,2,2,2,1,1,0,1,1,2,2,2,2,1,0
55,16,1,0,2,0,1,1,2,1,1,2,2,2,1,2,0
31,16,1,0,2,0,1,1,4,4,1,2,2,2,2,1,0
69,23,1,1,2,0,1,1,4,1,1,2,2,2,1,1,0
12,9,5,16,1,0,1,3,0,1,1,2,2,1,1,1,0
34,21,1,0,2,0,1,1,4,4,1,2,2,2,2,1,1
45,16,5,2,1,0,1,1,4,1,1,2,2,1,1,1,0
32,19,1,0,2,0,1,1,4,2,1,2,2,2,2,1,0
45,16,3,0,2,0,1,1,4,1,1,2,2,2,2,1,1
31,20,5,2,2,0,1,1,4,4,1,2,2,2,1,1,1
55,23,1,0,2,0,3,1,4,2,1,2,2,2,2,1,1
43,18,3,2,2,0,1,1,4,1,1,2,2,2,1,1,0
6,4,5,2,2,1,1,1,0,4,1,2,2,2,1,1,0
4,1,5,2,2,7,1,1,0,4,1,2,2,0,1,9,0
34,16,5,0,2,0,1,1,4,1,1,2,2,2,2,2,1
62,21,1,1,2,0,1,1,4,4,1,2,2,2,1,1,1
70,17,3,0,2,0,1,1,4,1,1,2,2,2,1,1,0
58,16,1,0,2,0,2,1,4,2,1,2,2,2,2,1,1
93,16,2,16,1,0,1,1,4,1,1,1,1,1,2,1,0
82,20,1,0,1,0,1,1,2,2,1,1,2,2,1,9,0
26,21,1,1,2,0,1,1,4,4,1,2,2,2,1,1,1
37,22,1,0,2,0,1,1,4,1,1,2,2,2,2,1,1
46,16,5,2,2,0,1,1,4,1,1,2,2,2,1,2,0
48,16,5,2,2,0,1,1,4,2,1,2,2,2,2,1,0
84,17,2,0,1,0,1,3,4,1,1,1,1,2,2,3,0
35,17,1,1,2,0,1,1,4,3,1,2,2,2,1,1,1
18,18,5,17,2,0,1,3,4,1,1,2,2,2,2,1,0
23,20,5,2,2,0,1,1,4,2,1,2,2,2,2,1,1
23,16,5,15,2,0,1,1,4,1,1,2,2,2,2,1,0
44,20,3,0,2,0,1,1,2,4,1,2,2,2,2,2,0
41,16,1,1,2,0,1,1,4,4,1,2,2,2,1,1,1
85,21,1,1,1,0,1,1,2,1,1,1,2,2,1,1,0
37,16,3,16,1,0,1,1,4,4,1,2,2,1,2,1,0
11,9,5,2,2,1,1,1,0,2,1,2,2,2,2,1,0
93,20,2,0,1,0,1,1,2,1,1,1,2,2,1,1,0
30,19,5,2,2,0,1,1,4,1,1,2,2,2,2,2,1
56,21,1,1,2,0,1,1,4,1,1,2,2,2,1,1,1
40,19,1,0,2,0,1,1,4,1,1,2,2,2,2,1,1
63,16,5,17,1,0,1,1,4,1,1,1,2,1,2,2,0
2,0,5,2,2,1,1,3,0,1,1,2,2,0,2,1,0
30,22,1,0,2,0,1,1,4,3,1,2,2,2,1,1,1
46,19,3,0,2,0,1,1,4,1,1,2,2,2,2,2,1
22,16,5,2,2,0,1,1,4,1,1,2,2,2,2,2,1
11,7,5,2,2,1,1,1,0,1,1,2,2,2,1,1,0
54,22,1,1,1,0,1,1,4,1,1,2,2,1,2,1,0
15,13,5,2,2,1,1,1,0,2,1,2,2,2,1,2,0
42,20,1,0,2,0,1,1,4,1,1,2,2,2,2,1,1
34,22,1,1,2,0,1,1,4,4,1,2,2,2,2,1,1
57,20,3,6,2,0,1,1,4,4,1,2,2,2,2,1,1
58,21,1,0,2,0,1,1,4,1,1,2,2,2,1,1,1
20,13,5,10,2,0,1,1,4,1,1,2,2,2,1,2,0
67,14,3,0,2,0,1,1,4,1,1,2,2,2,2,1,0
45,20,1,0,2,0,1,1,4,2,1,2,2,2,2,1,1
30,16,1,0,2,0,5,1,4,1,2,2,2,2,1,2,1
38,20,3,2,1,0,1,1,4,1,1,2,2,1,1,2,0
42,16,1,1,2,0,4,1,4,1,2,2,2,2,2,6,1
13,10,5,2,2,7,1,3,0,4,1,2,2,2,1,1,0
8,4,5,2,2,2,1,1,0,1,1,2,2,2,1,1,0
26,19,5,7,2,0,1,1,4,2,1,2,2,2,1,9,1
82,17,1,0,2,0,1,1,2,4,1,2,2,2,1,1,1
33,16,5,15,1,0,1,1,4,4,1,1,2,1,1,1,1
7,4,5,2,2,2,1,1,0,4,1,2,2,2,2,1,0
32,18,5,0,2,0,1,1,4,4,1,2,2,2,2,1,1
42,12,3,16,2,0,1,1,4,4,1,2,2,2,1,1,0
63,18,1,0,2,0,1,1,4,1,1,2,2,2,2,2,1
67,16,1,0,2,0,1,3,4,1,1,2,2,2,1,1,0
31,22,1,1,2,0,1,3,4,1,1,2,2,2,2,1,1
19,19,5,12,2,0,1,3,4,2,1,2,2,2,1,1,0
0,0,5,2,2,2,1,0,0,4,1,2,2,0,2,1,0
33,20,1,1,2,0,1,1,4,1,1,2,2,2,2,1,1
39,20,1,0,2,0,1,1,4,1,1,2,2,2,2,1,0
77,22,3,10,2,0,1,1,4,1,1,2,2,2,2,2,0
41,22,1,0,2,0,1,3,4,1,1,2,2,2,2,1,0
54,20,1,1,2,0,1,1,4,2,1,2,2,2,1,1,0
30,21,1,1,2,0,1,1,4,4,1,2,2,2,1,1,1
64,21,1,1,1,0,1,1,2,1,1,2,2,1,1,1,1
40,16,1,0,2,0,1,1,4,4,1,2,2,2,2,1,1
44,11,3,2,2,0,1,1,4,1,1,2,2,2,1,1,0
10,6,5,7,2,8,1,1,0,1,1,2,2,2,2,1,0
54,18,1,0,2,0,1,1,2,1,1,2,2,2,1,2,1
72,18,1,1,1,0,1,1,4,1,1,2,1,1,2,1,0
88,13,2,17,1,0,1,3,4,1,1,1,2,1,2,1,0
53,21,5,12,2,0,1,1,4,4,1,2,2,2,1,1,1
3,2,5,2,2,1,1,1,0,4,1,2,2,0,2,1,0
40,19,5,0,1,0,1,1,4,1,1,2,2,1,2,9,0
4,2,5,2,2,7,1,1,0,4,1,2,2,0,1,1,0
37,19,1,16,1,0,1,3,4,2,1,1,2,2,1,2,0
81,11,2,0,1,0,1,1,2,4,1,1,2,2,1,1,0
41,15,1,0,2,0,1,1,4,4,1,2,2,2,1,9,1
9,6,5,2,2,1,1,1,0,4,1,2,2,2,2,1,0
57,17,1,1,2,0,1,1,4,4,1,2,2,2,1,1,1
1,0,5,2,2,2,1,3,0,4,1,2,2,0,1,1,0
10,8,5,7,2,0,1,1,0,4,1,2,2,2,2,1,0
69,9,3,15,1,0,1,1,2,1,1,2,2,1,1,1,0
9,6,5,7,2,7,1,1,0,1,1,2,2,2,1,2,0
69,19,1,0,2,0,1,1,4,2,1,2,2,2,2,1,1
59,20,4,0,1,0,1,3,4,2,1,1,2,2,2,1,1
28,16,5,0,2,0,1,1,4,1,1,2,2,2,1,2,1
23,16,5,2,2,0,1,1,4,4,1,2,2,2,1,1,0
25,21,5,17,2,0,1,1,4,2,1,2,2,2,1,1,1
7,4,5,2,2,7,1,1,0,1,1,2,2,2,1,2,0
70,21,3,0,2,0,1,1,2,1,1,2,2,2,1,1,0
62,19,1,1,2,0,1,1,4,1,1,2,2,2,1,1,1
78,18,2,0,2,0,5,1,4,1,2,2,2,2,2,1,0
38,20,5,0,2,0,1,1,4,2,1,2,2,2,1,1,1
27,18,5,0,2,0,1,3,4,4,1,2,2,2,1,2,1
65,21,1,1,2,0,1,1,4,1,1,2,2,2,2,1,0
63,21,5,12,2,0,1,1,4,2,1,2,2,2,2,1,1
8,4,5,7,2,0,1,1,0,3,1,2,2,2,1,2,0
23,18,5,0,2,0,1,3,4,2,1,2,2,2,1,1,1
32,19,1,0,2,0,1,1,4,1,1,2,2,2,1,2,1
53,17,3,16,2,0,1,1,4,1,1,2,2,2,1,1,0
17,14,5,2,2,1,1,1,4,1,1,2,2,2,1,1,0
76,22,1,0,2,0,1,1,3,1,1,2,2,2,1,1,0
54,17,5,5,2,0,1,1,4,1,1,2,2,2,1,1,1
53,15,1,1,2,0,1,1,4,4,1,2,2,2,2,1,0
79,8,4,17,1,0,1,1,4,1,1,2,2,2,2,1,0
55,23,3,0,2,0,1,1,4,1,1,2,2,2,2,1,1
73,21,1,1,2,0,1,1,4,1,1,2,2,2,1,1,0
46,16,1,0,2,0,1,3,4,1,1,2,2,2,2,1,1
73,24,1,0,2,0,1,1,2,1,1,2,2,2,1,1,0
17,14,5,16,2,0,1,3,4,4,1,2,2,2,1,1,0
11,7,5,2,2,1,1,1,0,1,1,2,2,2,1,2,0
25,19,5,0,2,0,1,1,4,1,1,2,2,2,1,1,1
0,0,5,2,2,2,1,0,0,4,1,2,2,0,2,1,0
66,20,1,0,2,0,1,1,4,1,1,2,2,2,1,1,1
65,16,1,0,2,0,1,1,4,1,1,2,2,2,1,1,0
55,15,1,1,2,0,1,1,4,1,1,2,2,2,1,2,1
38,16,4,0,2,0,1,1,4,1,1,2,2,2,2,2,0
47,20,1,1,2,0,1,1,4,4,1,2,2,2,2,1,1
32,22,1,0,2,0,1,1,4,2,1,2,2,2,2,1,1
41,17,1,1,2,0,1,1,4,2,1,2,2,2,1,2,1
72,16,3,0,1,0,1,1,4,4,1,1,2,2,2,1,0
10,7,5,2,2,7,1,1,0,1,1,2,2,2,1,2,0
61,21,3,0,2,0,1,1,4,1,1,2,2,2,1,2,1
46,22,5,13,2,0,1,1,4,1,1,2,2,2,1,2,1
5,2,5,2,2,7,1,3,0,1,1,2,2,2,1,2,0
7,4,5,2,2,1,1,3,0,2,1,2,2,2,2,1,0
76,19,1,0,2,0,1,1,2,2,1,2,2,2,1,1,1
1,0,5,2,2,1,1,1,0,1,1,2,2,0,1,1,0
4,1,5,2,2,8,1,1,0,4,1,2,2,0,1,1,0
60,14,1,1,2,0,1,3,4,1,1,2,2,2,2,1,0
50,20,1,0,2,0,1,1,4,2,1,2,2,2,2,1,1
8,4,5,2,2,2,1,1,0,4,1,2,2,2,1,1,0
60,15,1,0,2,0,1,1,4,2,1,2,2,2,2,1,1
33,20,1,1,2,0,1,1,4,4,1,2,2,2,2,1,1
35,22,1,0,2,0,1,1,4,1,1,2,2,2,2,6,1
16,13,5,2,2,1,1,1,0,4,1,2,2,2,1,1,0
10,6,5,2,2,1,1,1,0,4,1,2,2,2,1,2,0
55,21,1,1,2,0,1,1,4,1,1,2,2,2,2,1,1
0,0,5,7,2,8,1,0,0,1,1,2,2,0,1,2,0
25,21,5,2,2,0,1,1,4,3,1,2,2,2,1,1,1
60,1,1,1,2,0,4,1,4,1,2,2,2,2,1,6,1
4,2,5,2,2,1,1,1,0,1,1,2,2,0,1,1,0
19,19,5,2,2,0,1,1,4,1,1,2,2,2,1,1,1
42,1,5,0,1,0,1,1,4,4,1,2,1,2,1,1,1
50,19,3,16,1,0,1,3,2,1,1,2,2,2,1,1,0
44,20,3,0,2,0,1,1,4,1,1,2,2,2,2,1,1
41,20,1,0,2,0,1,1,4,4,1,2,2,2,1,1,1
77,16,2,0,2,0,1,1,2,1,1,2,2,2,1,1,0
59,22,1,0,2,0,1,1,4,1,1,2,2,2,2,1,0
36,16,5,16,2,0,1,3,4,1,1,2,2,2,2,1,0
77,1,2,0,2,0,1,1,4,4,1,2,2,2,2,2,0
54,20,1,1,2,0,1,1,2,1,1,2,2,2,1,1,0
22,18,5,2,2,0,1,1,4,1,1,2,2,2,2,1,0
68,21,1,0,1,0,1,1,4,1,1,2,2,1,1,1,0
6,3,5,2,2,1,1,1,0,1,1,2,2,2,1,1,0
18,14,5,2,2,0,1,1,4,1,1,2,2,2,1,1,0
3,1,5,2,2,5,1,1,0,2,1,2,2,0,1,1,0
67,22,1,1,2,0,1,1,4,1,1,2,2,2,2,1,0
86,16,2,0,1,0,1,1,2,4,1,1,2,2,1,1,0
51,17,1,0,2,0,1,1,4,4,1,2,2,2,1,1,1
37,20,3,13,2,0,1,3,4,2,1,2,2,2,2,1,1
0,0,5,2,2,1,1,0,0,1,1,2,2,0,1,1,0
7,3,5,7,2,7,1,1,0,1,1,2,2,2,1,2,0
57,21,1,0,2,0,1,1,2,1,1,2,2,2,1,1,1
21,21,5,2,1,0,1,3,4,1,1,2,2,1,2,1,0
48,19,1,0,2,0,1,1,2,4,1,2,2,2,1,1,1
58,16,1,1,2,0,1,1,4,3,1,2,2,2,2,1,0
68,22,2,0,2,0,1,1,4,4,1,2,2,2,2,1,0
2,0,5,2,2,7,1,1,0,1,1,2,2,0,1,2,0
56,19,1,0,1,0,1,1,2,2,1,2,2,2,1,1,1
15,11,5,2,2,1,1,1,0,2,1,2,2,2,1,1,0
12,9,5,2,2,2,1,1,0,4,1,2,2,2,2,1,0
5,2,5,2,2,1,1,1,0,1,1,2,2,2,2,1,0
68,13,1,1,2,0,1,1,4,1,1,2,2,2,2,1,0
27,16,4,0,2,0,1,3,4,1,1,2,2,2,2,1,0
65,16,1,1,2,0,1,1,4,2,1,2,2,2,2,1,1
12,9,5,2,2,1,1,1,0,4,1,2,2,2,1,1,0
33,18,1,1,2,0,1,1,4,1,1,2,2,2,1,1,1
65,21,1,0,2,0,1,1,4,1,1,2,2,2,1,1,0
19,16,5,17,2,0,1,3,4,1,1,2,2,2,2,1,1
25,19,1,0,2,0,1,1,4,4,1,2,2,2,2,1,1
8,5,5,2,1,7,1,1,0,3,1,2,1,2,2,2,0
71,19,1,0,2,0,1,1,4,1,1,2,2,2,1,2,0
37,19,1,0,2,0,1,1,4,1,1,2,2,2,2,2,0
43,16,1,0,2,0,1,1,3,1,1,2,2,2,1,2,1
58,16,2,0,2,0,1,1,4,1,1,2,2,2,1,1,1
45,20,1,0,1,0,1,1,4,1,1,1,2,1,2,1,1
16,13,5,2,2,7,1,1,0,1,1,2,2,2,1,2,0
65,18,3,0,2,0,1,1,4,1,1,2,2,2,2,2,1
65,21,1,1,2,0,1,1,4,2,1,2,2,2,2,1,1
67,19,5,0,1,0,1,1,4,1,1,2,2,1,2,1,0
34,12,5,16,2,0,1,3,4,2,1,2,2,2,1,1,0
74,19,2,0,1,0,1,1,4,1,1,2,2,1,2,1,0
16,13,5,2,2,2,1,1,0,2,1,2,2,2,1,1,0
18,18,5,15,2,0,1,3,4,1,1,2,2,2,1,1,0
17,13,5,10,2,0,1,1,4,4,1,2,2,2,1,1,0
5,2,5,2,2,1,1,1,0,4,1,2,2,2,1,1,0
1,0,5,2,2,2,1,3,0,1,1,2,2,0,1,1,0
26,21,5,0,2,0,1,1,4,4,1,2,2,2,1,1,1
81,16,1,0,1,0,1,1,4,1,1,2,1,2,1,1,0
17,13,5,7,2,0,1,3,4,2,1,2,2,2,2,2,0
53,21,2,0,1,0,4,1,4,2,2,2,2,1,2,9,0
61,21,1,0,2,0,1,1,4,1,1,2,2,2,2,1,0
59,16,3,0,2,0,1,1,4,1,1,2,2,2,2,1,1
3,1,5,2,2,1,1,1,0,1,1,2,2,0,1,2,0
4,2,5,2,2,1,3,1,0,2,1,2,2,0,1,1,0
71,14,3,0,2,0,1,1,4,4,1,2,2,2,2,1,0
52,1,3,0,1,0,1,1,4,2,1,2,2,2,2,1,1
43,23,1,0,2,0,1,1,4,1,1,2,2,2,2,1,1
38,21,1,1,2,0,1,1,4,3,1,2,2,2,1,1,1
70,17,3,0,2,0,1,1,4,4,1,2,2,2,2,2,0
36,19,1,0,2,0,1,1,4,4,1,2,2,2,2,1,1
36,23,1,1,2,0,1,1,4,1,1,2,2,2,1,1,0
21,19,5,0,2,0,1,1,3,2,1,2,2,2,1,1,1
59,22,1,1,2,0,3,1,4,1,1,2,2,2,2,1,0
42,16,1,0,2,0,1,1,4,1,1,2,2,2,2,1,1
26,16,5,2,1,0,1,1,4,1,1,2,1,2,2,1,0
86,23,1,1,1,0,1,1,4,1,1,1,2,2,1,1,0
35,21,1,1,2,0,1,1,4,2,1,2,2,2,2,1,1
15,1,5,2,2,1,1,1,0,4,1,2,2,2,2,1,0
57,22,5,13,2,0,1,1,4,1,1,2,2,2,2,1,1
47,23,1,0,2,0,1,1,4,1,1,2,2,2,2,1,1
45,21,1,1,2,0,1,1,4,4,1,2,2,2,1,1,1
28,13,1,1,2,0,1,1,4,1,1,2,2,2,1,1,1
81,10,1,1,1,0,1,1,4,4,1,1,2,2,1,1,0
19,16,5,2,2,0,1,1,4,1,1,2,2,2,1,2,0
49,20,1,0,2,0,1,1,4,4,1,2,2,2,2,1,1
22,16,5,0,2,0,1,1,4,1,1,2,2,2,1,1,1
29,22,1,0,2,0,5,3,4,1,2,2,2,2,2,6,1
1,0,5,2,2,2,1,1,0,1,1,2,2,0,2,1,0
20,20,5,17,2,0,1,3,4,1,1,2,2,2,2,2,0
48,15,5,5,1,0,1,1,4,1,1,2,2,1,1,2,0
82,19,1,1,2,0,1,1,4,2,1,2,2,2,2,1,0
69,20,1,0,2,0,1,3,2,2,1,2,2,2,1,1,0
13,10,5,2,2,1,1,1,0,2,1,2,2,2,2,1,0
6,3,5,2,2,3,1,1,0,2,1,2,2,2,2,2,0
65,22,1,0,2,0,1,1,4,1,1,2,2,2,1,1,1
41,16,1,0,2,0,1,1,4,4,1,2,2,2,1,2,1
19,18,5,2,2,0,1,1,4,1,1,2,2,2,1,1,0
4,1,5,2,2,8,1,1,0,4,1,2,2,0,2,2,0
3,2,5,2,2,8,1,3,0,4,1,2,2,0,2,1,0
58,18,3,0,1,0,1,1,4,4,1,2,2,2,1,1,0
31,13,1,1,2,0,4,3,4,1,2,2,2,2,2,8,0
24,21,5,2,2,0,1,1,4,2,1,2,2,2,2,1,0
10,8,5,2,2,7,1,3,0,4,1,2,2,2,2,2,0
62,19,3,0,2,0,1,1,3,1,1,2,2,2,2,2,1
68,18,2,0,2,0,1,1,4,1,1,2,2,2,2,1,0
78,16,1,1,1,0,1,1,4,4,1,2,2,1,2,2,0
11,7,5,2,1,2,1,1,0,2,1,2,1,1,2,1,0
0,0,5,2,2,1,1,0,0,1,1,2,2,0,1,1,0
4,2,5,2,2,2,1,1,0,4,1,2,2,0,1,1,0
16,12,5,2,1,8,1,1,0,1,1,2,2,1,1,2,0
69,19,1,0,2,0,1,1,4,1,1,2,2,2,2,1,0
32,21,5,0,2,0,1,1,4,1,1,2,2,2,2,2,1
4,2,5,14,2,0,1,1,0,1,1,2,2,0,1,1,0
16,14,5,3,2,1,4,1,0,1,2,2,2,2,2,6,0
20,16,5,11,2,0,1,3,4,4,1,2,2,2,1,1,1
37,17,1,0,2,0,1,1,4,1,1,2,2,2,2,1,1
50,17,1,0,2,0,1,1,2,1,1,2,2,2,1,1,1
56,22,3,0,2,0,1,1,4,2,1,2,2,2,2,1,0
51,18,3,0,1,0,1,1,4,2,1,2,2,1,2,1,0
51,22,1,1,2,0,5,3,4,1,2,2,2,2,2,1,1
62,17,1,16,1,0,1,1,4,1,1,2,2,2,2,1,0
1,0,5,2,2,7,1,3,0,4,1,2,2,0,2,1,0
1,0,5,2,2,2,1,1,0,4,1,2,2,0,2,1,0
16,12,5,2,2,1,1,1,0,4,1,2,2,2,1,1,0
81,18,1,0,2,0,1,1,2,1,1,2,2,2,1,1,0
66,16,1,0,2,0,1,1,2,4,1,2,2,2,1,1,0
23,18,5,0,2,0,1,3,4,1,1,2,2,2,1,2,1
67,20,1,1,2,0,1,1,2,1,1,2,2,2,1,1,1
9,7,5,7,2,0,1,1,0,4,1,2,2,2,2,2,0
28,21,1,0,2,0,1,1,4,2,1,2,2,2,1,1,1
69,16,2,0,2,0,1,1,4,1,1,2,2,2,2,2,0
27,21,5,2,2,0,1,1,2,1,1,2,2,2,1,9,0
13,9,5,2,2,1,1,1,0,4,1,2,2,2,2,1,0
39,21,1,1,2,0,1,1,4,4,1,2,2,2,2,1,1
31,21,5,0,2,0,1,1,4,2,1,2,2,2,2,9,0
23,20,1,0,2,0,1,3,4,1,1,2,2,2,2,1,1
20,16,5,2,2,0,1,1,4,1,1,2,2,2,1,1,1
10,6,5,2,2,1,1,1,0,1,1,2,2,2,1,1,0
71,21,3,0,2,0,1,1,4,4,1,2,2,2,2,1,0
63,15,1,1,2,0,1,3,4,4,1,2,2,2,1,2,0
28,16,1,1,2,0,1,1,4,4,1,2,2,2,2,1,1
58,16,1,0,2,0,1,1,4,4,1,2,2,2,1,1,1
79,21,1,1,2,0,1,1,4,1,1,2,2,2,2,1,0
45,19,3,13,2,0,1,1,4,1,1,2,2,2,2,1,0
45,18,1,0,2,0,1,1,4,2,1,2,2,2,2,1,0
47,14,3,0,2,0,1,1,4,4,1,2,2,2,1,1,1
57,19,1,1,2,0,1,1,4,4,1,2,2,2,2,1,0
0,0,5,2,2,1,1,0,0,1,1,2,2,0,2,1,0
69,16,1,0,1,0,1,1,4,1,1,2,2,2,1,1,0
23,19,1,1,2,0,1,1,4,2,1,2,2,2,2,2,1
61,10,3,0,1,0,1,1,4,1,1,2,2,2,2,2,0
34,20,3,0,2,0,1,1,4,1,1,2,2,2,2,2,0
75,19,3,0,1,0,1,1,4,1,1,2,2,2,2,2,0
67,13,3,0,1,0,1,3,4,2,1,1,2,2,1,1,0
21,18,5,2,1,0,1,1,4,2,1,2,2,1,2,1,1
34,16,1,0,2,0,1,1,4,1,1,2,2,2,2,1,0
62,18,3,0,1,0,1,1,4,1,1,2,2,1,1,9,0
93,22,1,1,2,0,1,1,2,1,1,2,2,2,1,1,0
27,17,4,0,2,0,1,1,4,4,1,2,2,2,2,1,0
20,18,5,0,2,0,1,3,4,1,1,2,2,2,2,1,1
61,22,1,1,2,0,1,1,4,1,1,2,2,2,1,1,1
25,18,1,1,2,0,1,1,4,2,1,2,2,2,2,1,1
60,16,1,0,2,0,1,1,4,1,1,2,2,2,1,1,1
64,21,1,1,2,0,1,1,4,1,1,2,2,2,2,1,0
17,12,5,2,2,7,1,1,4,1,1,2,2,2,2,1,0
70,22,1,0,2,0,1,1,2,1,1,2,2,2,1,1,0
75,16,3,0,2,0,1,1,4,1,1,2,2,2,2,1,0
53,20,3,0,2,0,1,1,4,1,1,2,2,2,2,2,1
72,17,1,0,1,0,1,1,4,1,1,2,2,1,2,1,0
71,22,1,1,2,0,1,1,4,1,1,2,2,2,2,2,0
62,20,5,0,2,0,1,1,3,1,1,2,2,2,2,1,1
46,21,1,4,1,0,1,1,4,1,1,2,2,2,2,1,0
42,20,1,1,2,0,1,1,4,1,1,2,2,2,1,1,1
37,16,1,9,1,0,1,3,4,1,1,1,2,1,1,1,0
7,1,5,2,2,1,1,1,0,1,1,2,2,2,2,1,0
24,21,5,2,2,0,1,1,4,2,1,2,2,2,1,1,1
31,15,5,2,2,0,1,1,4,4,1,2,2,2,2,1,1
3,1,5,2,2,2,1,1,0,3,1,2,2,0,2,1,0
79,21,1,0,1,0,1,1,2,2,1,1,2,2,1,1,0
22,20,5,2,2,0,1,1,4,1,1,2,2,2,1,1,1
58,17,5,17,1,0,1,3,4,2,1,2,2,2,2,2,0
29,24,1,0,2,0,5,1,4,1,2,2,2,2,1,6,1
44,20,1,1,2,0,1,3,4,2,1,2,2,2,1,1,1
78,15,1,0,2,0,1,1,3,1,1,2,2,2,1,2,0
62,21,1,0,2,0,1,1,4,1,1,2,2,2,1,1,1
20,18,5,7,2,0,1,1,4,1,1,2,2,2,2,2,0
61,19,1,0,2,0,1,1,4,1,1,2,2,2,1,1,1
53,20,1,0,2,0,1,1,4,1,1,2,2,2,2,1,1
49,12,1,9,2,0,1,1,4,1,1,2,2,2,1,1,1
79,16,1,0,2,0,1,1,4,1,1,2,2,2,1,2,0
66,21,5,0,2,0,1,1,4,2,1,2,2,2,2,1,1
28,15,5,13,2,0,1,1,4,1,1,2,2,2,2,8,0
18,14,5,17,2,0,2,2,4,1,1,2,2,2,1,2,1
60,19,3,0,1,0,1,1,4,3,1,1,2,2,1,1,0
70,16,3,0,2,0,1,1,4,2,1,2,2,2,2,1,0
43,22,1,0,2,0,1,1,4,1,1,2,2,2,2,1,1
35,22,1,0,2,0,5,1,4,2,2,2,2,2,1,6,1
19,18,5,2,2,0,1,1,4,1,1,2,2,2,2,1,1
50,16,1,1,2,0,1,1,4,1,1,2,2,2,2,1,1
74,18,1,1,1,0,1,1,4,1,1,2,2,2,2,1,0
46,16,1,1,2,0,1,3,4,1,1,2,2,2,2,1,1
66,22,1,0,2,0,1,1,4,1,1,2,2,2,1,1,0
34,18,5,2,2,0,1,1,4,4,1,2,2,2,2,2,0
53,21,1,1,2,0,1,1,4,1,1,2,2,2,2,1,0
31,17,5,2,2,0,1,1,4,1,1,2,2,2,1,1,0
82,21,1,1,2,0,1,1,4,1,1,2,2,2,2,1,0
54,22,5,0,2,0,1,1,4,1,1,2,2,2,1,2,1
58,20,1,1,2,0,1,1,4,1,1,2,2,2,2,1,1
44,21,1,0,2,0,1,1,4,1,1,2,2,2,1,1,1
53,16,1,1,2,0,1,1,4,4,1,2,2,2,1,1,1
59,19,1,1,2,0,1,1,4,1,1,2,2,2,1,1,1
25,21,5,2,2,0,1,1,4,2,1,2,2,2,2,1,1
63,16,2,0,1,0,1,3,4,1,1,1,1,1,2,1,0
20,19,5,10,2,0,1,1,4,1,1,2,2,2,2,2,0
4,1,5,2,2,1,1,1,0,1,1,2,2,0,2,6,0
49,20,1,1,2,0,1,3,4,1,1,2,2,2,1,1,1
32,21,1,1,2,0,1,1,4,1,1,2,2,2,2,2,1
55,21,1,0,2,0,1,1,2,1,1,2,2,2,1,2,1
48,20,3,0,2,0,1,1,4,1,1,2,2,2,2,1,1
11,8,5,7,2,0,1,1,0,2,1,2,2,2,2,1,0
63,16,3,0,2,0,1,1,4,1,1,2,2,2,1,1,1
22,18,1,0,2,0,1,1,4,4,1,2,2,2,1,1,1
36,11,1,0,2,0,1,1,4,1,1,2,2,2,2,1,0
71,19,1,0,2,0,1,1,4,4,1,2,2,2,2,2,0
57,19,1,0,1,0,1,1,2,2,1,2,2,1,1,1,0
3,1,5,2,2,7,1,3,0,1,1,2,2,0,1,2,0
24,16,5,2,2,0,1,1,4,1,1,2,2,2,2,8,1
76,16,1,1,2,0,1,1,4,1,1,2,2,2,2,1,0
78,17,1,1,2,0,1,1,4,4,1,2,2,2,2,1,0
67,21,1,0,2,0,1,3,3,1,1,2,2,2,1,1,0
83,16,2,0,1,0,1,1,4,4,1,2,2,2,2,1,0
54,16,1,1,2,0,1,3,4,1,1,2,2,2,2,1,1
31,21,1,1,2,0,1,1,4,4,1,2,2,2,2,1,1
33,17,5,4,1,0,1,1,4,4,1,2,2,1,1,1,0
3,1,5,2,2,2,1,1,0,3,1,2,2,0,2,1,0
74,16,1,1,2,0,1,1,4,2,1,2,2,2,2,1,0
70,22,1,0,1,0,1,1,2,1,1,2,2,2,1,1,0
45,16,1,0,2,0,1,1,4,1,1,2,2,2,2,1,0
54,15,1,1,2,0,1,1,4,1,1,2,2,2,1,1,1
62,11,1,0,2,0,1,1,4,1,1,2,2,2,1,1,1
17,13,5,4,2,1,1,1,4,1,1,2,2,2,2,1,0
61,18,1,0,2,0,1,1,4,1,1,2,2,2,1,1,1
46,22,1,1,2,0,1,1,4,1,1,2,2,2,2,1,1
45,19,1,1,2,0,1,1,4,4,1,2,2,2,2,1,1
67,22,1,0,1,0,1,1,4,4,1,1,2,2,1,2,0
52,22,5,0,2,0,1,3,4,2,1,2,2,2,1,1,0
13,9,5,2,2,1,4,1,0,4,2,2,2,2,2,6,0
50,16,1,1,2,0,1,1,4,4,1,2,2,2,2,1,0
53,16,3,0,1,0,1,1,4,1,1,2,1,2,2,2,0
61,22,1,1,2,0,1,1,4,1,1,2,2,2,2,1,0
45,22,1,1,2,0,1,1,4,4,1,2,2,2,2,1,1
74,24,1,1,2,0,1,1,4,1,1,2,2,2,2,1,0
24,21,5,0,2,0,1,1,4,2,1,2,2,2,2,2,1
60,21,3,0,2,0,1,1,4,2,1,2,2,2,2,1,0
73,20,1,1,2,0,1,1,4,1,1,2,2,2,2,1,0
54,16,3,2,2,0,1,1,4,2,1,2,2,2,1,1,1
2,0,5,2,2,1,1,1,0,4,1,2,2,0,1,1,0
59,21,1,0,2,0,1,1,4,1,1,2,2,2,2,1,1
50,22,1,0,2,0,1,1,2,1,1,2,2,2,1,1,1
64,17,1,0,1,0,1,1,4,4,1,2,2,2,1,1,0
58,16,1,0,2,0,1,1,2,1,1,2,2,2,1,1,1
70,19,2,0,2,0,1,1,4,4,1,2,2,2,2,2,0
33,18,5,0,2,0,1,1,4,3,1,2,2,2,1,1,1
43,19,1,1,1,0,1,1,4,2,1,2,1,2,1,1,1
14,10,5,2,2,2,1,3,0,1,1,2,2,2,2,1,0
63,21,1,0,2,0,1,1,4,4,1,2,2,2,1,1,1
2,0,5,2,2,8,1,1,0,2,1,2,2,0,1,2,0
62,20,1,0,2,0,4,1,4,1,2,2,2,2,1,2,1
10,7,5,3,2,5,1,1,0,1,1,2,2,2,2,1,0
42,21,1,0,2,0,1,1,2,1,1,2,2,2,1,1,1
57,19,1,0,1,0,1,1,2,2,1,1,2,2,1,1,1
56,16,1,1,1,0,1,1,4,1,1,2,2,2,1,1,1
54,19,1,0,2,0,1,1,4,1,1,2,2,2,2,2,1
50,22,1,1,2,0,1,1,4,1,1,2,2,2,2,1,1
68,19,3,0,1,0,1,1,4,2,1,1,2,2,2,1,0
42,22,1,0,1,0,1,1,1,1,1,1,2,2,1,1,0
77,16,1,1,1,0,1,1,4,4,1,2,1,2,2,1,1
22,16,5,2,2,0,1,3,4,2,1,2,2,2,1,9,1
73,16,3,0,2,0,1,1,4,4,1,2,2,2,1,2,0
23,19,5,17,2,0,1,1,4,1,1,2,2,2,1,1,0
34,16,1,0,1,0,1,1,4,4,1,1,2,1,2,1,1
71,16,1,0,2,0,1,1,4,4,1,2,2,2,2,1,0
77,16,3,0,2,0,1,1,4,1,1,2,2,2,1,2,0
40,20,1,1,2,0,1,1,4,4,1,2,2,2,2,2,1
60,21,3,0,1,0,1,1,4,1,1,2,2,2,1,1,1
34,21,5,2,2,0,5,2,4,1,2,2,2,2,2,1,1
66,16,2,5,2,0,1,1,4,1,1,2,2,2,1,2,0
22,21,5,3,2,0,1,1,4,1,1,2,2,2,2,1,1
25,19,5,10,2,0,1,1,4,1,1,2,2,2,2,2,0
54,20,1,1,2,0,1,1,4,1,1,2,2,2,2,2,1
51,14,1,0,1,0,1,1,4,1,1,2,2,1,2,2,0
61,16,1,0,2,0,1,1,4,2,1,2,2,2,2,1,0
60,13,1,0,1,0,1,1,4,4,1,2,2,1,2,1,0
19,16,5,17,2,0,1,3,4,4,1,2,2,2,1,1,0
35,16,3,0,2,0,1,1,4,1,1,2,2,2,2,2,1
60,19,1,1,2,0,5,1,4,1,2,2,2,2,1,1,1
20,18,5,2,2,0,1,1,4,1,1,2,2,2,2,2,0
56,18,1,0,2,0,1,1,2,4,1,2,2,2,1,1,1
13,11,5,4,2,2,5,1,0,1,2,2,2,2,1,8,0
93,14,2,0,1,0,1,1,4,1,1,1,2,1,2,2,0
42,20,1,1,1,0,1,1,4,2,1,2,1,2,2,1,1
15,12,5,2,2,1,1,3,0,4,1,2,2,2,2,1,0
52,20,3,0,2,0,1,1,4,4,1,2,2,2,2,1,0
20,16,5,2,2,0,1,1,4,2,1,2,2,2,2,1,1
11,8,5,2,2,1,1,1,0,1,1,2,2,2,2,1,0
42,21,3,0,1,0,1,1,4,1,1,1,2,2,1,1,1
52,16,1,1,2,0,1,1,4,4,1,2,2,2,2,2,1
54,1,5,0,1,0,1,1,4,1,1,2,2,2,2,1,0
73,15,2,0,2,0,1,1,4,1,1,2,2,2,2,2,1
60,21,5,12,1,0,1,1,4,1,1,2,2,2,2,1,1
23,20,5,2,2,0,1,1,4,2,1,2,2,2,2,1,1
63,16,3,0,2,0,1,1,4,1,1,2,2,2,2,2,0
54,22,1,0,2,0,1,1,4,2,1,2,2,2,2,1,0
6,1,5,7,2,0,1,1,0,1,1,2,2,2,1,2,0
69,21,1,1,1,0,4,1,4,1,2,1,2,2,1,2,0
44,16,1,0,2,0,1,1,4,3,1,2,2,2,2,1,1
52,16,5,2,2,0,1,1,4,1,1,2,2,2,1,2,0
17,14,5,2,2,1,1,1,4,1,1,2,2,2,2,1,1
57,16,1,1,2,0,1,1,4,1,1,2,2,2,2,1,1
8,4,5,2,2,1,1,1,0,1,1,2,2,2,1,1,0
34,21,1,0,2,0,1,1,4,1,1,2,2,2,1,2,1
22,13,1,2,2,0,1,1,4,2,1,2,2,2,1,1,1
37,22,5,0,1,0,1,1,4,2,1,2,2,1,2,2,1
82,12,3,0,1,0,1,1,4,1,1,2,2,2,2,1,0
12,9,5,16,1,0,1,3,0,1,1,2,2,1,1,1,0
46,20,1,0,2,0,1,1,2,1,1,2,2,2,1,1,1
57,16,3,5,1,0,1,1,4,1,1,2,2,2,1,2,0
83,21,1,0,2,0,1,1,2,4,1,2,2,2,1,1,1
25,17,3,13,2,0,1,3,4,1,1,2,2,2,1,1,0
40,16,5,10,2,0,1,1,4,4,1,2,2,2,2,2,0
24,19,5,0,2,0,1,3,4,1,1,2,2,2,2,1,0
27,21,5,13,2,0,1,3,4,1,1,2,2,2,1,1,1
50,19,1,0,1,0,1,1,4,3,1,2,2,2,1,1,0
9,6,5,2,2,1,1,1,0,2,1,2,2,2,2,1,0
47,21,1,0,2,0,1,1,4,1,1,2,2,2,2,1,0
3,2,5,2,2,1,3,1,0,2,1,2,2,0,1,1,0
54,12,5,0,1,0,1,1,4,1,1,2,2,1,2,2,0
74,16,1,0,2,0,1,3,4,4,1,2,2,2,1,1,0
51,13,1,1,2,0,1,1,4,1,1,2,2,2,1,2,1
17,12,5,16,2,0,1,3,4,4,1,2,2,2,1,1,0
47,19,1,1,2,0,1,3,4,1,1,2,2,2,1,1,0
84,16,1,0,2,0,1,1,2,1,1,2,2,2,1,1,0
60,21,1,1,1,0,1,1,4,2,1,2,1,1,2,1,0
68,16,3,0,2,0,1,1,4,1,1,2,2,2,1,1,0
36,22,1,0,2,0,1,1,4,1,1,2,2,2,1,1,1
19,16,5,12,2,0,1,3,4,1,1,2,2,2,1,1,1
77,14,1,0,1,0,1,1,4,1,1,2,2,2,1,2,0
80,22,1,0,2,0,1,1,4,2,1,2,2,2,2,1,0
54,16,1,1,2,0,1,1,4,4,1,2,2,2,2,2,1
70,18,1,1,2,0,1,1,4,1,1,2,2,2,2,1,0
47,16,5,2,2,0,1,1,2,3,1,2,2,2,1,2,0
41,16,1,1,2,0,1,1,4,1,1,2,2,2,2,2,0
36,16,5,12,2,0,1,1,4,1,1,2,2,2,2,1,1
70,16,2,0,2,0,1,1,4,1,1,2,2,2,2,1,0
18,19,5,2,2,0,1,1,4,1,1,2,2,2,2,2,0
56,21,1,1,2,0,1,1,4,3,1,2,2,2,1,1,1
29,15,1,1,2,0,1,1,4,1,1,2,2,2,2,1,0
25,19,5,17,2,0,5,2,4,1,2,2,2,2,2,1,0
24,21,1,1,2,0,1,3,4,1,1,2,2,2,2,1,1
37,19,5,0,2,0,1,1,4,1,1,2,2,2,1,1,1
11,9,5,7,2,7,1,1,0,4,1,2,2,2,2,2,0
73,19,1,0,2,0,1,1,2,1,1,2,2,2,1,2,0
69,16,1,0,2,0,1,1,2,4,1,2,2,2,1,2,0
89,12,1,1,1,0,1,1,4,2,1,1,2,2,2,1,0
71,19,1,1,1,0,1,1,4,4,1,1,2,2,1,1,0
59,21,1,1,2,0,3,1,4,1,1,2,2,2,2,1,1
0,0,5,2,2,2,1,0,0,4,1,2,2,0,2,1,0
55,1,5,15,2,0,1,1,4,4,1,2,2,2,2,1,0
15,12,5,2,2,1,1,1,0,1,1,2,2,2,2,1,0
32,16,3,0,2,0,1,3,4,1,1,2,2,2,1,1,1
71,10,1,1,2,0,1,1,4,1,1,2,2,2,1,2,0
14,8,5,4,2,8,1,3,0,4,1,2,2,2,2,1,0
28,16,1,1,2,0,1,1,4,1,1,2,2,2,2,1,1
21,19,5,17,2,0,1,1,4,1,1,2,2,2,2,1,1
82,18,1,1,1,0,1,1,4,4,1,2,1,2,2,1,0
41,16,1,1,2,0,5,1,4,1,2,2,2,2,2,1,0
19,18,5,17,2,0,1,3,4,1,1,2,2,2,1,1,0
11,7,5,2,2,1,1,1,0,4,1,2,2,2,2,1,0
65,21,1,0,1,0,1,1,4,1,1,2,2,1,1,1,0
27,17,5,0,2,0,1,1,4,4,1,2,2,2,1,1,1
23,18,5,16,2,0,1,3,4,1,1,2,2,2,1,2,0
30,23,1,1,2,0,2,1,4,1,1,2,2,2,2,1,1
12,10,5,2,2,1,1,1,0,1,1,2,2,2,2,1,0
39,22,1,0,2,0,1,1,4,1,1,2,2,2,1,1,1
81,10,2,16,1,0,1,1,4,1,1,1,2,1,2,1,0
30,16,1,0,2,0,5,3,4,1,2,2,2,2,1,6,0
9,8,5,7,2,7,1,1,0,4,1,2,2,2,2,2,0
6,3,5,2,2,2,1,1,0,1,1,2,2,2,1,1,0
37,19,1,1,2,0,1,3,4,1,1,2,2,2,2,2,0
57,20,4,2,1,0,1,1,4,2,1,2,2,2,2,2,0
64,19,2,0,1,0,1,1,4,4,1,2,2,2,2,2,0
59,21,3,0,2,0,1,1,4,1,1,2,2,2,1,1,1
57,16,2,0,2,0,1,1,4,2,1,2,2,2,2,1,1
46,20,1,1,2,0,1,1,4,1,1,2,2,2,1,1,1
33,9,1,1,2,0,5,1,4,1,2,2,2,2,2,8,0
29,22,1,0,2,0,5,1,4,1,2,2,2,2,1,6,1
51,17,1,0,1,0,1,1,4,2,1,2,2,1,2,1,0
8,6,5,2,2,4,1,1,0,2,1,2,2,2,2,1,0
25,17,5,2,2,0,1,1,4,4,1,2,2,2,1,1,1
71,21,1,1,1,0,1,1,4,2,1,1,2,2,2,1,0
49,17,5,16,2,0,1,1,4,4,1,2,2,2,1,1,0
56,24,1,1,1,0,1,1,4,2,1,2,1,2,1,1,0
67,18,3,0,2,0,1,1,4,1,1,2,2,2,2,1,0
74,21,2,0,2,0,1,1,4,1,1,2,2,2,2,1,0
66,18,3,0,2,0,1,1,4,1,1,2,2,2,2,1,0
0,0,5,2,2,2,1,0,0,4,1,2,2,0,2,6,0
62,21,1,0,2,0,1,1,4,1,1,2,2,2,2,1,0
41,21,1,0,2,0,1,1,4,2,1,2,2,2,2,1,0
26,22,5,0,2,0,1,1,4,2,1,2,2,2,2,1,1
20,13,5,10,2,0,1,3,4,2,1,2,2,2,1,1,1
30,20,1,0,2,0,1,1,4,2,1,2,2,2,2,1,1
67,9,1,0,1,0,1,1,4,3,1,2,1,2,1,1,0
79,16,1,0,2,0,1,1,4,4,1,2,2,2,1,1,0
74,22,3,0,1,0,1,1,4,1,1,1,1,1,2,1,0
63,16,4,0,1,0,1,1,4,1,1,2,1,2,2,2,0
1,0,5,2,2,1,1,1,0,3,1,2,2,0,1,1,0
55,18,2,12,1,0,1,3,4,3,1,2,2,2,2,1,1
58,16,1,1,2,0,1,1,4,1,1,2,2,2,1,2,0
5,1,5,2,2,1,1,1,0,1,1,2,2,2,2,2,0
76,12,4,0,1,0,1,1,4,2,1,1,1,2,1,1,0
39,16,1,1,2,0,1,1,4,3,1,2,2,2,1,3,1
4,1,5,4,2,1,1,1,0,1,1,2,2,0,1,9,0
49,21,1,1,2,0,1,1,4,1,1,2,2,2,1,1,1
20,18,5,2,2,0,1,1,4,1,1,2,2,2,2,1,0
0,0,5,2,2,1,1,0,0,1,1,2,2,0,2,1,0
12,1,5,2,2,7,1,1,0,1,1,2,2,2,2,2,0
51,23,1,0,2,0,1,1,4,1,1,2,2,2,1,1,1
18,16,5,0,2,0,1,1,4,1,1,2,2,2,2,2,0
7,3,5,2,2,1,3,1,0,2,1,2,2,2,1,1,0
57,19,1,0,2,0,3,1,4,2,1,2,2,2,2,9,0
50,21,1,0,2,0,1,1,4,1,1,2,2,2,1,1,1
64,22,1,1,2,0,1,1,4,2,1,2,2,2,1,1,0
43,12,1,0,2,0,1,1,4,4,1,2,2,2,1,1,1
51,21,3,0,2,0,1,1,2,2,1,2,2,2,1,1,1
74,21,1,1,1,0,1,1,4,1,1,1,1,2,2,1,0
18,18,5,17,2,0,1,3,4,1,1,2,2,2,2,1,0
51,19,1,1,2,0,1,1,4,1,1,2,2,2,2,1,1
68,16,1,0,2,0,1,1,4,1,1,2,2,2,2,1,0
78,16,1,1,1,0,1,1,4,4,1,2,2,2,2,2,0
52,14,5,0,2,0,1,1,4,1,1,2,2,2,1,1,0
54,21,1,1,2,0,1,1,4,4,1,2,2,2,1,1,1
58,19,1,9,2,0,1,1,4,2,1,2,2,2,1,1,1
27,21,1,1,2,0,1,1,4,1,1,2,2,2,2,1,1
65,23,1,0,2,0,1,1,4,1,1,2,2,2,1,1,1
75,16,1,0,2,0,1,1,4,4,1,2,2,2,1,9,0
61,20,2,0,2,0,1,1,4,1,1,2,2,2,2,1,1
79,23,1,1,2,0,1,1,4,2,1,2,2,2,2,1,0
3,1,5,2,2,1,1,1,0,2,1,2,2,0,1,1,0
68,18,1,0,2,0,1,1,4,1,1,2,2,2,2,1,0
58,21,1,0,2,0,1,1,4,1,1,2,2,2,1,1,1
9,5,5,2,2,1,1,1,0,1,1,2,2,2,1,1,0
2,0,5,2,2,7,1,3,0,4,1,2,2,0,2,1,0
68,1,5,16,1,0,1,1,4,1,1,2,2,1,1,1,0
87,13,2,0,2,0,1,1,4,1,1,2,2,2,2,1,0
77,18,2,13,2,0,1,1,2,1,1,2,2,2,1,1,0
17,11,5,2,2,5,1,1,4,4,1,2,2,2,1,1,0
78,13,2,0,1,0,1,1,4,4,1,2,2,1,2,1,1
12,8,5,2,2,1,1,1,0,1,1,2,2,2,1,1,0
24,19,5,3,2,0,1,1,4,1,1,2,2,2,2,2,1
72,22,1,0,2,0,1,1,2,2,1,2,2,2,2,1,0
0,0,5,2,2,7,1,0,0,1,1,2,2,0,1,2,0
67,19,2,0,2,0,1,1,4,4,1,2,2,2,2,2,1
7,3,5,2,2,2,1,3,0,1,1,2,2,2,2,1,0
25,21,5,12,2,0,1,3,4,1,1,2,2,2,1,1,1
87,12,2,0,1,0,1,1,4,1,1,1,1,2,2,1,0
73,21,2,16,1,0,1,1,4,4,1,1,1,1,2,1,0
66,22,1,1,2,0,1,1,4,3,1,2,2,2,2,1,0
51,16,1,1,2,0,1,1,4,3,1,2,2,2,2,1,1
93,19,2,0,2,0,1,1,4,4,1,2,2,2,2,1,0
11,9,5,4,2,1,1,1,0,4,1,2,2,2,1,1,0
61,16,5,0,2,0,1,1,4,2,1,2,2,2,1,1,1
16,13,5,7,2,7,1,1,0,1,1,2,2,2,2,1,1
25,19,5,2,2,0,1,1,4,4,1,2,2,2,2,1,1
3,1,5,2,2,8,1,1,0,1,1,2,2,0,2,2,0
57,21,4,0,2,0,1,3,4,2,1,2,2,2,2,1,0
56,16,1,1,2,0,1,1,4,4,1,2,2,2,1,1,1
31,16,4,2,2,0,1,1,4,2,1,2,2,2,1,1,1
5,1,5,2,2,1,1,1,0,2,1,2,2,2,2,1,0
27,16,5,0,2,0,1,3,4,4,1,2,2,2,1,1,0
57,18,1,1,2,0,1,1,4,1,1,2,2,2,1,1,1
69,16,1,0,2,0,1,1,4,1,1,2,2,2,2,1,0
93,10,2,0,1,0,1,1,4,4,1,2,2,2,2,1,0
12,9,5,2,2,1,1,1,0,1,1,2,2,2,1,8,0
51,11,5,11,1,0,1,1,4,1,1,2,1,1,1,2,0
69,16,1,1,2,0,1,3,4,4,1,2,2,2,2,1,1
46,16,1,1,2,0,1,1,4,4,1,2,2,2,2,1,0
24,18,5,17,2,0,1,1,4,4,1,2,2,2,2,2,0
23,21,5,0,2,0,1,3,4,1,1,2,2,2,1,1,1
21,16,1,1,2,0,1,1,4,1,1,2,2,2,1,1,1
61,16,1,1,2,0,1,1,4,1,1,2,2,2,1,1,1
22,21,1,1,2,0,1,1,4,2,1,2,2,2,2,1,1
65,17,2,0,2,0,1,1,4,1,1,2,2,2,2,1,0
34,22,1,1,2,0,1,1,4,2,1,2,2,2,2,1,1
72,16,1,1,2,0,1,1,4,1,1,2,2,2,2,1,0
73,16,1,1,2,0,1,1,4,1,1,2,2,2,2,1,0
39,1,5,2,2,0,1,1,4,1,1,2,2,2,2,2,0
7,3,5,2,1,2,1,1,0,2,1,2,2,1,2,1,0
16,14,5,2,2,1,1,1,0,1,1,2,2,2,2,1,0
13,10,5,2,2,1,1,1,0,4,1,2,2,2,2,1,0
59,20,1,0,1,0,1,1,4,1,1,2,1,2,1,1,1
38,13,5,12,2,0,1,1,4,4,1,2,2,2,2,1,0
33,22,1,0,2,0,1,1,4,2,1,2,2,2,2,1,1
26,19,1,0,2,0,1,3,4,1,1,2,2,2,1,1,1
25,17,1,1,2,0,1,3,4,4,1,2,2,2,2,1,1
71,21,1,0,1,0,1,1,2,2,1,1,2,2,1,3,0
39,17,3,5,2,0,1,1,4,4,1,2,2,2,1,2,1
39,19,5,0,2,0,1,1,4,4,1,2,2,2,2,1,1
8,6,5,2,2,3,1,1,0,4,1,2,2,2,2,1,0
27,21,5,0,2,0,5,1,4,1,2,2,2,2,2,2,1
82,7,1,0,1,0,4,1,4,1,2,1,1,2,1,1,0
54,19,5,0,2,0,1,1,4,1,1,2,2,2,2,2,1
65,23,1,1,2,0,1,1,4,2,1,2,2,2,2,1,1
0,0,5,2,2,1,1,0,0,2,1,2,2,0,2,1,0
1,0,5,2,2,7,1,3,0,1,1,2,2,0,2,2,0
30,20,1,0,2,0,1,3,4,2,1,2,2,2,1,9,1
71,16,1,1,1,0,1,1,4,4,1,1,2,2,2,1,1
73,24,1,0,2,0,1,1,4,1,1,2,2,2,1,1,0
3,1,5,2,2,1,1,1,0,1,1,2,2,0,2,1,0
69,16,1,0,1,0,1,3,2,4,1,1,2,2,1,1,0
68,16,1,1,2,0,1,1,4,4,1,2,2,2,2,1,0
29,21,1,0,2,0,1,3,4,1,1,2,2,2,1,1,1
32,16,5,0,2,0,1,1,4,4,1,2,2,2,2,2,1
62,20,1,0,2,0,1,1,4,1,1,2,2,2,2,1,1
47,15,3,2,2,0,5,1,4,1,2,2,2,2,1,8,0
15,12,5,3,2,1,1,3,0,1,1,2,2,2,2,1,0
22,19,5,2,2,0,1,1,4,1,1,2,2,2,2,1,1
24,16,5,2,2,0,1,1,4,1,1,2,2,2,2,2,0
56,16,2,9,2,0,1,1,4,4,1,2,2,2,2,1,0
27,16,1,1,2,0,1,1,4,1,1,2,2,2,2,1,1
63,20,2,0,1,0,1,1,2,2,1,2,2,2,2,2,0
59,23,1,0,2,0,1,1,4,1,1,2,2,2,1,1,1
46,22,1,1,2,0,1,1,4,1,1,2,2,2,2,1,1
11,8,5,2,2,1,1,1,0,1,1,2,2,2,1,2,0
44,16,1,1,2,0,1,1,2,4,1,2,2,2,1,1,1
93,17,2,0,2,0,1,1,4,1,1,2,2,2,2,1,0
52,21,1,0,2,0,1,1,4,1,1,2,2,2,1,1,1
36,20,1,1,2,0,5,1,4,2,2,2,2,2,2,9,0
28,16,5,2,2,0,1,3,4,1,1,2,2,2,1,1,1
32,22,1,1,2,0,1,1,4,1,1,2,2,2,1,1,1
61,17,4,0,2,0,1,1,4,1,1,2,2,2,2,2,1
5,1,5,2,2,2,1,1,0,2,1,2,2,2,1,1,0
67,22,1,0,2,0,1,1,4,1,1,2,2,2,2,2,1
76,16,1,0,2,0,1,1,4,1,1,2,2,2,1,2,0
73,16,3,0,2,0,1,1,4,1,1,2,2,2,2,1,0
20,19,5,12,2,0,1,1,4,1,1,2,2,2,1,1,1
10,6,5,2,2,1,1,1,0,1,1,2,2,2,2,1,0
64,16,1,1,2,0,1,1,4,1,1,2,2,2,2,1,0
55,19,3,0,2,0,1,1,4,4,1,2,2,2,2,2,1
68,20,1,0,2,0,1,1,3,1,1,2,2,2,1,1,0
28,20,5,2,2,0,1,1,4,1,1,2,2,2,1,1,1
10,8,5,7,2,0,1,1,0,4,1,2,2,2,2,2,0
50,21,1,1,2,0,1,1,4,1,1,2,2,2,2,1,1
42,1,5,10,1,0,1,1,4,1,1,1,2,1,2,1,0
17,16,5,2,2,1,1,1,3,4,1,2,2,2,1,1,1
18,18,5,17,2,0,1,3,4,2,1,2,2,2,2,1,1
57,19,1,0,2,0,1,1,4,1,1,2,2,2,2,1,1
48,22,1,0,2,0,1,1,4,1,1,2,2,2,2,1,1
15,12,5,2,2,1,1,1,0,1,1,2,2,2,2,1,0
62,16,1,0,2,0,1,1,4,1,1,2,2,2,1,1,1
67,16,1,0,2,0,1,1,4,3,1,2,2,2,2,1,0
62,1,3,10,2,0,1,1,4,1,1,2,2,2,2,2,1
1,0,5,2,2,7,1,3,0,3,1,2,2,0,2,2,0
93,21,2,16,1,0,1,1,4,4,1,1,2,1,2,1,0
93,12,2,0,2,0,1,1,4,3,1,2,2,2,2,1,0
10,7,5,2,2,5,1,1,0,4,1,2,2,2,1,1,0
66,17,2,0,2,0,1,1,4,2,1,2,2,2,2,1,0
54,21,1,0,2,0,1,1,4,1,1,2,2,2,2,2,1
56,16,1,1,2,0,1,1,4,4,1,2,2,2,2,1,1
47,22,2,0,2,0,1,1,4,2,1,2,2,2,2,1,1
12,9,5,2,2,7,1,1,0,1,1,2,2,2,1,2,0
66,17,1,0,2,0,1,1,4,1,1,2,2,2,1,1,0
18,18,5,17,2,0,1,3,4,1,1,2,2,2,1,2,0
22,19,5,13,2,0,1,3,4,1,1,2,2,2,2,1,1
74,19,1,0,1,0,1,1,4,2,1,2,2,2,1,1,0
55,16,1,1,2,0,1,1,4,1,1,2,2,2,2,1,1
6,3,5,2,2,2,1,1,0,1,1,2,2,2,2,1,0
84,11,1,1,1,0,1,1,4,1,1,1,2,2,1,1,1
61,16,3,0,1,0,1,1,4,1,1,2,2,2,2,2,0
15,10,5,2,1,2,1,1,0,4,1,2,2,1,1,1,0
58,21,1,0,2,0,1,1,4,1,1,2,2,2,1,1,1
78,14,5,0,1,0,1,1,4,1,1,2,2,1,2,2,0
58,21,1,1,2,0,1,1,4,1,1,2,2,2,2,1,1
69,18,1,0,2,0,1,1,2,1,1,2,2,2,1,2,0
5,2,5,2,2,1,1,1,0,2,1,2,2,2,2,1,0
68,16,3,16,1,0,1,3,2,1,1,2,2,2,1,1,0
62,18,1,1,2,0,1,1,4,4,1,2,2,2,2,1,1
41,16,2,17,1,0,1,1,4,4,1,2,2,2,1,1,0
59,19,1,1,2,0,1,1,4,4,1,2,2,2,2,1,1
61,16,3,0,2,0,1,1,4,4,1,2,2,2,1,1,1
6,3,5,2,2,2,1,1,0,1,1,2,2,2,1,1,0
13,10,5,2,2,2,1,1,0,1,1,2,2,2,1,1,0
66,22,1,0,1,0,1,1,4,1,1,1,2,2,1,1,1
58,19,1,0,2,0,1,1,4,3,1,2,2,2,1,1,1
77,22,2,0,2,0,1,1,4,4,1,2,2,2,2,2,0
13,10,5,2,2,2,1,1,0,1,1,2,2,2,1,2,0
65,12,1,0,1,0,1,1,4,1,1,1,1,1,1,1,0
68,19,1,1,1,0,1,1,2,1,1,1,1,2,1,2,0
55,12,3,0,1,0,1,1,4,4,1,2,2,2,1,1,0
10,7,5,2,2,2,1,1,0,1,1,2,2,2,1,1,0
13,10,5,4,1,3,1,1,0,4,1,2,2,1,2,8,0
57,16,1,0,1,0,1,1,4,1,1,1,2,1,1,1,1
57,19,2,0,1,0,1,1,4,2,1,2,1,1,2,9,0
35,21,1,0,2,0,1,1,4,1,1,2,2,2,1,1,1
62,18,1,1,1,0,1,1,4,2,1,2,2,2,2,1,0
69,22,1,0,2,0,1,1,4,4,1,2,2,2,1,1,0
36,24,1,0,2,0,1,1,4,3,1,2,2,2,2,1,1
38,21,1,1,2,0,1,1,4,1,1,2,2,2,1,1,1
0,0,5,2,2,2,1,0,0,2,1,2,2,0,1,1,0
4,1,5,2,2,7,1,1,0,2,1,2,2,0,1,1,0
88,1,2,0,1,0,1,1,4,2,1,1,2,2,2,1,0
45,13,3,7,2,0,1,3,4,4,1,2,2,2,1,9,1
14,11,5,2,2,7,1,1,0,4,1,2,2,2,2,1,0
74,19,1,0,1,0,1,1,2,1,1,1,2,2,1,1,1
23,20,5,2,2,0,1,1,4,4,1,2,2,2,1,1,1
13,10,5,2,2,1,1,1,0,2,1,2,2,2,2,9,0
36,12,5,17,1,0,1,1,4,2,1,2,2,1,1,2,0
30,16,5,13,2,0,1,3,4,1,1,2,2,2,2,2,0
50,16,1,0,2,0,1,1,4,1,1,2,2,2,2,1,1
53,20,1,0,2,0,1,1,4,1,1,2,2,2,2,1,0
66,21,1,0,1,0,1,1,4,1,1,1,2,2,1,1,1
30,1,5,3,2,0,1,1,4,4,1,2,2,2,2,2,1
54,20,3,0,2,0,1,1,4,1,1,2,2,2,2,1,0
73,16,1,1,1,0,1,1,4,2,1,1,2,2,2,1,0
81,16,2,0,2,0,1,1,3,4,1,2,2,2,1,1,0
55,19,1,0,1,0,1,2,2,1,1,2,2,1,2,2,0
72,16,1,0,2,0,1,1,2,1,1,2,2,2,1,2,1
59,10,1,0,1,0,1,1,4,3,1,1,2,2,1,1,0
20,19,5,7,2,0,1,1,4,1,1,2,2,2,1,1,1
34,18,1,1,2,0,1,3,4,4,1,2,2,2,2,1,1
58,16,1,0,2,0,1,1,4,4,1,2,2,2,1,1,1
49,22,3,0,2,0,1,1,4,1,1,2,2,2,1,2,1
57,12,3,0,1,0,1,1,4,1,1,2,2,2,2,1,0
64,19,1,0,1,0,1,1,4,4,1,1,1,2,1,1,0
43,16,5,2,1,0,1,1,4,1,1,2,2,1,1,2,0
65,21,1,0,1,0,1,1,4,2,1,2,2,2,1,1,0
28,21,1,1,2,0,1,3,4,1,1,2,2,2,2,1,1
75,16,1,0,2,0,1,1,4,4,1,2,2,2,2,1,0
32,19,2,0,2,0,1,1,4,1,1,2,2,2,2,2,1
30,23,5,0,2,0,4,3,4,1,2,2,2,2,2,1,1
35,12,1,1,2,0,5,1,4,1,2,2,2,2,2,1,0
26,16,5,2,1,0,1,1,4,4,1,2,2,1,1,1,0
10,7,5,7,2,5,1,1,0,4,1,2,2,2,2,1,0
70,15,1,1,1,0,1,1,4,1,1,2,2,2,1,1,0
38,19,4,0,2,0,1,3,4,2,1,2,2,2,2,1,1
34,15,1,0,2,0,5,1,4,1,2,2,2,2,1,5,1
12,9,5,2,2,5,1,1,0,1,1,2,2,2,2,2,0
2,0,5,2,2,5,1,1,0,4,1,2,2,0,1,1,0
16,11,5,2,2,8,1,1,0,2,1,2,2,2,1,1,0
14,11,5,2,2,1,1,1,0,1,1,2,2,2,1,1,0
7,4,5,7,2,7,1,1,0,1,1,2,2,2,2,2,0
56,16,1,0,2,0,1,1,4,1,1,2,2,2,1,2,1
18,14,5,2,2,0,1,1,4,1,1,2,2,2,2,2,0
93,16,2,16,1,0,1,1,4,4,1,2,2,1,2,1,0
3,1,5,2,2,5,1,1,0,1,1,2,2,0,2,1,0
6,4,5,2,2,1,1,1,0,4,1,2,2,2,2,1,0
28,21,5,7,2,0,1,1,4,1,1,2,2,2,1,1,1
29,18,1,1,2,0,1,1,1,1,1,2,2,2,1,8,0
59,21,1,1,2,0,1,1,4,2,1,2,2,2,2,9,0
57,17,3,11,1,0,1,1,4,4,1,2,2,2,1,1,0
12,9,5,2,2,1,1,1,0,3,1,2,2,2,1,1,0
66,21,1,0,1,0,1,3,2,4,1,1,2,2,1,1,0
5,3,5,2,2,2,1,1,0,4,1,2,2,2,1,2,0
73,17,1,0,2,0,1,1,4,4,1,2,2,2,1,1,0
0,0,5,15,2,0,1,0,0,2,1,2,2,0,1,9,0
46,19,3,0,2,0,1,1,4,2,1,2,2,2,1,1,0
30,16,3,0,2,0,1,3,4,2,1,2,2,2,2,1,1
62,16,1,1,2,0,1,1,4,1,1,2,2,2,2,1,0
35,16,5,0,2,0,1,1,4,1,1,2,2,2,2,2,1
38,18,1,1,2,0,1,1,4,2,1,2,2,2,2,1,1
22,21,5,0,2,0,1,3,4,2,1,2,2,2,2,1,1
59,16,1,1,2,0,1,1,4,4,1,2,2,2,1,1,1
57,20,1,0,1,0,1,1,4,1,1,2,2,2,2,2,1
41,21,1,0,2,0,1,1,4,1,1,2,2,2,2,2,1
93,13,2,0,2,0,1,1,2,1,1,2,2,2,1,2,0
54,16,1,1,2,0,1,1,4,2,1,2,2,2,2,1,1
18,14,5,2,2,0,1,1,4,1,1,2,2,2,1,2,0
43,20,1,1,2,0,1,1,4,3,1,2,2,2,2,1,1
17,13,5,2,2,1,1,1,4,3,1,2,2,2,1,1,0
59,16,1,1,2,0,1,1,4,1,1,2,2,2,2,1,1
10,7,5,2,2,1,1,1,0,1,1,2,2,2,2,1,0
29,20,1,1,2,0,1,1,4,1,1,2,2,2,2,1,1
32,22,1,0,2,0,1,1,4,1,1,2,2,2,2,1,1
27,18,5,16,2,0,1,3,4,1,1,2,2,2,1,1,0
23,16,5,0,2,0,1,3,4,1,1,2,2,2,2,2,1
28,18,1,1,2,0,1,1,4,1,1,2,2,2,2,1,0
80,11,2,0,1,0,1,1,4,1,1,2,2,2,2,1,0
24,19,5,12,2,0,1,1,4,4,1,2,2,2,1,1,1
57,21,1,1,2,0,1,1,4,1,1,2,2,2,2,2,1
16,14,5,3,2,1,1,1,0,1,1,2,2,2,2,1,0
49,21,1,1,2,0,1,1,4,2,1,2,2,2,2,1,1
30,17,1,0,2,0,1,3,4,1,1,2,2,2,2,1,1
69,16,1,0,2,0,1,1,4,1,1,2,2,2,1,1,0
41,24,1,0,2,0,1,1,4,2,1,2,2,2,2,6,1
38,16,3,0,2,0,1,1,4,4,1,2,2,2,2,1,0
64,16,3,13,2,0,1,1,4,1,1,2,2,2,1,1,0
47,18,1,1,2,0,1,1,2,1,1,2,2,2,1,1,1
55,13,1,1,2,0,1,1,4,1,1,2,2,2,2,1,0
58,20,1,0,2,0,1,1,4,1,1,2,2,2,2,1,1
75,19,2,0,2,0,1,1,4,2,1,2,2,2,2,1,0
48,12,3,6,1,0,1,3,4,4,1,2,2,2,1,1,0
68,23,1,0,2,0,1,1,4,2,1,2,2,2,2,1,0
43,20,1,1,2,0,1,1,4,4,1,2,2,2,2,1,1
63,19,2,0,1,0,1,1,4,1,1,2,2,2,2,2,0
74,16,2,0,2,0,1,1,4,4,1,2,2,2,2,1,0
31,19,3,0,2,0,1,3,4,4,1,2,2,2,2,1,1
69,19,3,0,2,0,5,1,4,2,2,2,2,2,2,1,1
53,16,1,1,2,0,1,1,4,4,1,2,2,2,1,1,1
4,2,5,4,2,1,1,1,0,4,1,2,2,0,2,1,0
17,14,5,2,2,1,1,1,4,2,1,2,2,2,2,1,1
70,16,1,1,2,0,1,1,3,1,1,2,2,2,1,1,0
26,19,1,1,2,0,5,1,4,4,2,2,2,2,2,1,0
12,9,5,2,2,1,1,3,0,2,1,2,2,2,1,1,0
71,16,1,1,2,0,1,1,4,2,1,2,2,2,2,1,0
26,21,5,0,2,0,1,3,4,3,1,2,2,2,2,1,1
48,16,1,1,2,0,1,1,4,1,1,2,2,2,1,1,1
51,16,1,1,2,0,1,1,4,4,1,2,2,2,2,1,1
15,10,5,2,2,1,1,1,0,1,1,2,2,2,2,1,0
57,19,1,1,2,0,1,1,4,1,1,2,2,2,1,1,0
72,13,1,0,2,0,1,1,4,1,1,2,2,2,1,1,0
31,21,5,5,2,0,5,3,4,1,2,2,2,2,2,8,1
19,19,5,7,2,0,1,1,4,1,1,2,2,2,1,1,0
43,18,5,13,2,0,1,1,4,4,1,2,2,2,1,1,1
43,19,4,0,2,0,1,1,4,4,1,2,2,2,1,2,1
71,19,1,0,1,0,1,1,4,3,1,2,1,1,2,1,0
0,0,5,2,2,1,1,0,0,4,1,2,2,0,2,1,0
50,21,1,1,2,0,1,1,2,2,1,2,2,2,2,1,1
17,14,5,2,2,1,1,1,4,1,1,2,2,2,2,1,0
25,19,5,0,2,0,1,1,4,4,1,2,2,2,2,1,1
73,16,2,0,2,0,1,1,4,2,1,2,2,2,2,1,0
52,18,3,0,1,0,1,2,4,1,1,2,2,2,2,1,0
55,16,2,0,2,0,1,1,4,4,1,2,2,2,2,2,0
17,13,5,2,2,7,1,1,4,1,1,2,2,2,1,2,0
87,22,1,1,1,0,1,1,4,2,1,2,2,1,2,1,0
62,16,3,0,2,0,1,1,4,1,1,2,2,2,1,1,1
9,6,5,7,2,0,1,1,0,4,1,2,2,2,2,1,0
86,24,3,16,1,0,1,1,4,4,1,1,1,1,2,1,0
50,16,1,0,2,0,1,1,4,4,1,2,2,2,1,1,0
79,19,2,0,2,0,1,1,4,2,1,2,2,2,2,1,0
70,17,2,0,2,0,1,1,4,1,1,2,2,2,2,2,0
73,16,2,0,2,0,1,1,4,2,1,2,2,2,2,1,0
69,12,5,16,1,0,1,1,4,1,1,2,2,2,1,1,0
74,21,1,5,2,0,4,1,4,1,2,2,2,2,1,1,0
62,16,1,0,1,0,1,1,4,4,1,1,2,2,1,1,1
32,18,5,0,2,0,1,3,4,2,1,2,2,2,2,1,1
9,5,5,3,1,8,1,1,0,1,1,2,1,2,1,1,0
80,1,2,0,1,0,1,1,4,2,1,2,2,2,2,9,0
85,10,1,1,1,0,1,1,2,1,1,2,2,2,1,1,0
74,16,3,13,1,0,1,1,4,4,1,2,2,2,2,1,0
25,20,5,0,2,0,1,3,4,1,1,2,2,2,2,2,1
70,19,1,0,2,0,1,1,4,4,1,2,2,2,2,1,0
42,21,5,10,2,0,5,3,4,1,2,2,2,2,1,1,1
68,19,2,0,2,0,1,1,4,1,1,2,2,2,2,1,1
32,20,3,0,1,0,1,1,4,2,1,2,2,2,2,1,0
52,21,1,0,2,0,1,1,4,4,1,2,2,2,2,1,1
16,11,5,2,2,1,1,1,0,1,1,2,2,2,2,1,0
20,19,5,0,2,0,1,3,4,2,1,2,2,2,1,1,0
11,8,5,2,2,7,1,1,0,1,1,2,2,2,1,2,0
14,11,5,2,2,2,1,1,0,4,1,2,2,2,2,1,0
22,20,5,2,2,0,1,1,4,2,1,2,2,2,1,1,1
49,13,1,0,1,0,1,1,4,1,1,2,1,2,1,1,1
43,21,1,0,2,0,1,1,4,1,1,2,2,2,2,1,1
31,19,5,10,2,0,1,3,4,1,1,2,2,2,1,2,1
9,5,5,2,2,1,1,1,0,1,1,2,2,2,1,1,0
83,9,2,6,1,0,1,1,4,1,1,2,2,1,2,1,0
33,22,1,0,2,0,1,3,4,2,1,2,2,2,1,1,1
45,21,3,0,2,0,1,1,4,1,1,2,2,2,2,1,1
74,21,1,1,2,0,1,1,4,1,1,2,2,2,1,1,0
53,21,1,1,2,0,1,1,4,1,1,2,2,2,2,1,1
55,17,4,16,1,0,1,1,4,4,1,2,1,2,1,2,0
15,12,5,2,2,1,1,1,0,2,1,2,2,2,1,1,0
47,18,1,1,2,0,1,1,4,1,1,2,2,2,1,1,1
30,21,1,0,2,0,1,1,4,4,1,2,2,2,2,1,1
73,17,1,0,2,0,1,1,4,1,1,2,2,2,2,1,0
27,16,5,2,2,0,1,1,4,1,1,2,2,2,2,2,1
64,22,1,1,2,0,1,1,4,1,1,2,2,2,2,1,0
71,16,1,1,2,0,1,1,4,1,1,2,2,2,2,1,0
72,19,1,1,2,0,1,1,4,3,1,2,2,2,2,1,0
54,22,1,0,2,0,1,1,4,4,1,2,2,2,2,1,0
3,1,5,2,2,4,1,3,0,4,1,2,2,0,2,1,0
48,21,1,9,2,0,5,3,4,1,2,2,2,2,1,1,0
19,18,5,2,2,0,1,1,4,1,1,2,2,2,1,1,1
77,17,1,0,1,0,1,1,4,1,1,1,2,2,1,9,0
20,19,5,2,2,0,1,1,4,1,1,2,2,2,2,2,1
21,16,5,4,2,0,1,1,4,1,1,2,2,2,1,1,1
18,16,5,0,2,0,1,3,4,2,1,2,2,2,1,1,1
43,21,1,0,2,0,5,3,4,1,2,2,2,2,1,6,1
1,0,5,7,2,7,1,1,0,1,1,2,2,0,1,2,0
19,18,5,17,2,0,5,2,4,1,2,2,2,2,2,6,0
15,12,5,2,2,1,1,1,0,1,1,2,2,2,1,2,0
32,16,1,0,2,0,1,1,4,4,1,2,2,2,1,1,0
23,16,5,3,1,0,1,1,4,1,1,2,2,1,1,2,1
37,22,1,1,2,0,1,1,4,1,1,2,2,2,2,2,1
77,19,3,0,1,0,1,1,4,1,1,2,2,1,2,2,0
29,20,1,0,1,0,1,1,4,1,1,1,2,2,2,1,1
29,20,1,0,2,0,1,1,4,1,1,2,2,2,2,1,1
31,21,1,0,2,0,1,1,4,4,1,2,2,2,2,1,1
66,16,1,1,2,0,1,1,4,1,1,2,2,2,2,1,0
85,16,1,1,1,0,1,1,4,1,1,1,2,2,2,1,0
63,18,3,0,2,0,1,1,4,1,1,2,2,2,2,1,1
69,21,1,1,2,0,1,1,4,1,1,2,2,2,2,1,0
57,18,3,16,1,0,1,1,4,1,1,2,2,1,1,1,0
49,23,1,1,2,0,1,1,4,1,1,2,2,2,2,1,1
4,2,5,7,2,7,1,1,0,4,1,2,2,0,1,2,0
34,18,5,0,2,0,1,1,4,1,1,2,2,2,2,2,1
12,9,5,7,2,8,1,1,0,4,1,2,2,2,1,2,0
66,19,3,2,2,0,1,1,4,1,1,2,2,2,2,2,0
41,21,1,0,2,0,1,1,4,2,1,2,2,2,2,1,1
33,21,5,2,2,0,1,1,4,1,1,2,2,2,1,2,1
37,16,3,12,2,0,1,3,4,1,1,2,2,2,2,8,0
59,24,1,0,2,0,4,1,4,1,2,2,2,2,1,6,1
15,12,5,2,2,1,1,1,0,1,1,2,2,2,1,1,0
13,10,5,2,2,7,1,1,0,1,1,2,2,2,2,2,0
45,21,3,0,2,0,1,1,4,2,1,2,2,2,2,1,1
20,19,5,0,2,0,1,3,4,1,1,2,2,2,1,1,0
93,10,3,0,1,0,1,1,4,1,1,1,1,2,2,1,0
75,21,2,0,1,0,1,1,4,1,1,1,2,2,2,1,0
17,13,5,2,2,7,1,1,4,1,1,2,2,2,1,1,1
43,16,5,0,2,0,1,1,4,4,1,2,2,2,2,2,0
21,14,5,0,2,0,1,1,4,1,1,2,2,2,1,1,1
49,16,1,0,1,0,1,1,4,1,1,1,2,2,1,1,1
62,20,1,0,1,0,1,1,4,1,1,1,2,2,2,1,0
68,20,1,0,1,0,1,1,4,1,1,2,2,2,2,1,0
62,20,1,1,2,0,1,1,4,1,1,2,2,2,1,1,1
32,24,1,0,2,0,5,3,4,1,2,2,2,2,1,6,1
16,11,5,2,2,2,1,1,0,1,1,2,2,2,2,1,0
69,11,2,16,1,0,1,3,4,4,1,1,2,1,2,1,0
38,19,1,1,2,0,1,1,4,1,1,2,2,2,1,2,1
42,19,3,0,2,0,1,1,4,1,1,2,2,2,2,1,0
55,22,1,0,2,0,1,1,4,2,1,2,2,2,1,1,1
54,22,1,0,2,0,1,1,4,1,1,2,2,2,1,1,1
5,2,5,2,2,1,1,1,0,2,1,2,2,2,1,1,0
22,16,5,2,2,0,1,1,4,1,1,2,2,2,1,1,1
18,17,5,2,2,0,1,1,4,4,1,2,2,2,1,1,0
30,18,4,2,2,0,1,1,4,1,1,2,2,2,2,2,0
16,12,5,2,2,5,1,1,0,1,1,2,2,2,2,1,0
40,19,5,0,2,0,1,1,4,2,1,2,2,2,1,1,1
0,0,5,2,2,1,1,0,0,2,1,2,2,0,2,1,0
80,19,2,0,1,0,1,1,4,4,1,1,2,1,2,1,0
65,16,1,1,2,0,1,1,4,4,1,2,2,2,2,1,0
72,9,1,0,2,0,1,1,4,1,1,2,2,2,1,1,0
34,20,1,1,2,0,1,3,4,1,1,2,2,2,2,1,1
68,16,3,0,2,0,1,1,4,2,1,2,2,2,2,1,1
20,19,5,2,2,0,1,1,4,1,1,2,2,2,2,1,0
54,21,3,6,2,0,1,1,4,1,1,2,2,2,2,2,1
41,16,2,17,1,0,1,1,4,4,1,2,2,2,1,1,0
62,22,1,1,2,0,1,1,2,4,1,2,2,2,2,2,1
39,20,1,1,2,0,1,1,4,4,1,2,2,2,1,1,1
25,16,4,0,2,0,1,3,4,2,1,2,2,2,2,1,1
54,14,2,0,1,0,1,1,4,1,1,2,2,2,2,2,0
16,12,5,7,2,7,1,1,0,1,1,2,2,2,2,2,0
72,21,1,0,2,0,1,1,4,2,1,2,2,2,2,1,0
74,21,1,0,1,0,1,1,2,2,1,2,2,2,1,1,0
33,21,1,0,2,0,1,1,4,1,1,2,2,2,1,1,1
71,22,1,1,2,0,1,1,4,2,1,2,2,2,2,1,0
25,19,1,1,2,0,1,1,4,1,1,2,2,2,2,1,1
69,22,3,0,2,0,1,1,4,1,1,2,2,2,2,2,0
54,21,1,0,2,0,1,1,4,1,1,2,2,2,1,1,1
55,21,1,1,1,0,1,1,4,2,1,2,2,2,2,1,1
54,21,1,0,2,0,1,1,4,1,1,2,2,2,1,1,1
59,16,1,0,2,0,1,3,4,1,1,2,2,2,1,1,1
40,16,1,0,2,0,1,3,4,4,1,2,2,2,1,1,1
22,21,5,15,2,0,1,3,4,1,1,2,2,2,2,2,1
44,16,1,0,2,0,1,1,4,1,1,2,2,2,2,1,1
52,16,3,10,1,0,1,1,3,4,1,2,2,1,1,1,1
81,14,5,0,1,0,1,1,3,4,1,2,2,1,1,1,0
58,24,5,0,2,0,5,1,4,2,2,2,2,2,2,1,1
34,19,5,15,2,0,1,1,4,1,1,2,2,2,1,2,1
78,16,2,16,2,0,1,3,4,2,1,2,2,2,2,2,0
77,17,1,1,2,0,1,1,4,4,1,2,2,2,2,1,0
59,19,1,1,2,0,1,1,2,1,1,2,2,2,1,2,1
61,23,1,0,2,0,1,1,4,1,1,2,2,2,2,1,0
59,16,3,15,1,0,1,1,2,1,1,2,2,1,2,1,0
66,22,1,1,2,0,1,1,4,4,1,2,2,2,2,1,0
68,8,1,1,2,0,1,1,4,1,1,2,2,2,2,1,0
58,16,1,1,2,0,1,1,4,1,1,2,2,2,2,1,1
69,14,2,0,1,0,1,1,4,1,1,2,2,2,2,2,0
67,22,1,0,2,0,1,1,4,2,1,2,2,2,2,1,0
71,23,1,0,2,0,1,1,4,1,1,2,2,2,1,1,1
11,9,5,2,2,7,1,1,0,4,1,2,2,2,1,1,0
54,21,1,0,2,0,1,1,2,3,1,2,2,2,1,1,1
69,18,1,1,2,0,2,1,4,2,1,2,2,2,2,1,0
32,22,1,1,2,0,1,1,4,1,1,2,2,2,1,1,1
61,20,1,1,1,0,1,1,4,1,1,2,2,2,2,1,0
62,20,3,0,2,0,1,3,4,1,1,2,2,2,2,1,1
71,19,1,1,2,0,1,1,4,1,1,2,2,2,2,1,0
63,16,2,0,1,0,1,1,4,1,1,2,2,2,2,1,1
16,13,5,7,2,5,1,1,0,4,1,2,2,2,2,1,0
3,1,5,2,2,2,1,1,0,3,1,2,2,0,2,1,0
13,9,5,2,2,1,1,3,0,4,1,2,2,2,1,1,0
30,24,1,1,2,0,1,1,4,4,1,2,2,2,1,1,1
15,11,5,2,2,7,1,1,0,1,1,2,2,2,2,1,0
64,16,5,5,2,0,1,1,4,1,1,2,2,2,2,2,0
82,24,1,0,1,0,1,1,2,2,1,1,2,2,1,1,0
0,0,5,10,2,8,1,0,0,3,1,2,2,0,1,2,0
18,18,5,17,2,0,1,3,4,1,1,2,2,2,1,1,0
63,13,5,0,2,0,1,1,4,1,1,2,2,2,2,1,1
80,16,1,0,1,0,1,1,4,1,1,2,2,2,2,1,0
70,18,2,0,1,0,1,1,4,2,1,2,2,2,2,1,0
20,14,5,2,2,0,1,1,4,4,1,2,2,2,2,1,1
37,16,1,1,2,0,5,1,4,1,2,2,2,2,2,2,0
80,12,1,0,2,0,1,1,2,4,1,2,2,2,1,1,0
15,11,5,2,2,7,1,1,0,2,1,2,2,2,1,1,0
93,16,5,16,1,0,1,1,4,1,1,2,2,1,2,2,0
73,23,1,1,2,0,1,1,4,1,1,2,2,2,2,2,0
44,22,1,0,2,0,1,1,4,1,1,2,2,2,1,1,1
29,19,5,0,2,0,1,1,4,4,1,2,2,2,1,1,1
60,21,1,0,2,0,1,1,4,2,1,2,2,2,1,1,0
85,21,1,0,2,0,1,1,2,1,1,2,2,2,1,1,0
28,22,1,1,2,0,1,1,4,4,1,2,2,2,1,1,1
13,10,5,2,1,1,1,1,0,4,1,2,1,2,2,1,0
7,4,5,2,2,1,1,1,0,4,1,2,2,2,2,9,0
47,17,5,2,2,0,1,1,4,1,1,2,2,2,2,2,1
5,2,5,2,2,1,1,1,0,1,1,2,2,2,1,1,0
20,19,5,17,2,0,1,1,4,1,1,2,2,2,2,2,1
57,13,5,17,1,0,1,1,4,1,1,2,2,1,1,1,0
12,9,5,2,1,1,1,1,0,2,1,2,2,1,1,1,0
20,16,5,2,2,0,1,1,4,1,1,2,2,2,1,2,1
16,12,5,2,2,2,1,1,0,1,1,2,2,2,1,1,0
35,21,1,0,2,0,1,1,4,3,1,2,2,2,2,1,1
71,21,1,1,2,0,1,1,2,1,1,2,2,2,1,1,0
49,22,1,0,2,0,1,1,4,1,1,2,2,2,2,3,1
73,21,1,0,2,0,1,1,4,1,1,2,2,2,1,1,0
23,16,5,3,2,0,1,1,4,1,1,2,2,2,1,2,0
3,2,5,2,2,7,1,1,0,4,1,2,2,0,1,1,0
68,18,1,0,2,0,1,1,4,4,1,2,2,2,1,9,1
16,12,5,2,2,7,1,1,0,2,1,2,2,2,2,1,0
19,16,5,2,1,0,1,1,4,4,1,2,2,1,1,1,1
29,19,1,1,2,0,1,3,4,4,1,2,2,2,1,1,1
47,20,1,0,2,0,1,1,4,1,1,2,2,2,2,2,0
45,21,1,1,2,0,1,1,4,1,1,2,2,2,2,1,1
50,18,1,0,2,0,1,1,4,2,1,2,2,2,1,1,1
15,11,5,2,2,7,1,1,0,1,1,2,2,2,1,1,0
82,16,2,8,2,0,1,1,4,1,1,2,2,2,2,1,0
32,16,1,2,1,0,1,1,4,4,1,2,1,1,2,1,0
18,16,5,7,2,0,1,1,4,1,1,2,2,2,1,1,0
44,21,5,0,2,0,1,1,4,1,1,2,2,2,2,1,1
25,19,5,2,2,0,1,1,4,1,1,2,2,2,1,1,1
14,10,5,2,2,2,1,1,0,1,1,2,2,2,2,1,0
39,21,1,0,2,0,1,3,4,1,1,2,2,2,2,2,1
57,19,5,0,1,0,1,3,2,1,1,2,2,1,2,2,1
68,16,1,1,2,0,1,1,4,2,1,2,2,2,2,1,1
20,19,5,2,2,0,1,1,4,1,1,2,2,2,2,1,0
3,1,5,2,2,7,1,1,0,1,1,2,2,0,1,1,0
36,16,3,12,2,0,1,1,2,4,1,2,2,2,1,1,1
59,16,1,0,2,0,1,1,4,1,1,2,2,2,1,2,1
19,19,5,17,2,0,1,3,4,1,1,2,2,2,2,1,1
64,16,1,0,2,0,1,1,4,4,1,2,2,2,1,1,1
33,23,1,1,2,0,1,1,4,3,1,2,2,2,1,1,1
31,20,4,0,2,0,1,1,4,3,1,2,2,2,1,1,1
30,22,5,0,2,0,5,3,4,1,2,2,2,2,1,6,1
49,14,5,16,2,0,1,3,4,1,1,2,2,2,1,2,0
30,16,5,0,2,0,1,1,4,2,1,2,2,2,2,2,1
31,20,5,0,2,0,1,1,4,2,1,2,2,2,2,1,1
81,16,3,0,1,0,1,1,4,1,1,2,2,2,2,1,0
70,21,1,1,2,0,1,3,4,1,1,2,2,2,2,1,0
68,19,3,0,1,0,1,3,4,1,1,1,2,2,1,1,1
17,14,5,2,2,7,1,3,4,1,1,2,2,2,2,1,1
18,18,5,17,2,0,1,3,4,1,1,2,2,2,2,2,0
65,16,1,1,1,0,1,1,4,1,1,2,2,2,2,1,0
42,19,4,16,1,0,1,3,4,2,1,2,2,2,2,1,0
43,18,1,1,1,0,1,1,4,3,1,2,2,1,1,1,1
87,16,1,1,1,0,1,1,3,1,1,1,2,2,1,1,0
10,5,5,2,2,2,1,1,0,1,1,2,2,2,2,2,0
39,21,1,1,2,0,1,1,4,3,1,2,2,2,2,1,0
51,16,3,0,2,0,1,1,4,1,1,2,2,2,1,1,1
72,22,1,1,2,0,1,1,4,1,1,2,2,2,2,1,0
26,21,1,1,2,0,5,3,4,1,2,2,2,2,2,6,1
64,21,1,1,2,0,1,1,4,2,1,2,2,2,2,1,1
29,12,5,16,2,0,1,3,4,4,1,2,2,2,1,1,0
12,10,5,3,2,2,1,1,0,2,1,2,2,2,2,1,0
35,14,3,13,2,0,1,1,4,4,1,2,2,2,1,1,1
33,16,1,1,2,0,1,3,4,1,1,2,2,2,2,1,1
69,12,1,0,2,0,1,1,4,2,1,2,2,2,1,1,0
34,19,5,2,1,0,1,1,4,4,1,2,2,1,1,1,0
14,11,5,2,2,1,1,1,0,2,1,2,2,2,2,1,0
48,18,1,0,2,0,1,1,2,1,1,2,2,2,1,1,1
12,8,5,2,2,2,1,1,0,4,1,2,2,2,2,1,0
34,18,1,1,2,0,1,1,4,2,1,2,2,2,1,1,1
0,0,5,2,2,1,1,0,0,1,1,2,2,0,1,1,0
52,19,1,1,2,0,1,1,4,4,1,2,2,2,1,1,0
66,16,1,1,1,0,1,1,4,3,1,2,2,2,2,1,0
57,16,3,2,2,0,1,1,4,4,1,2,2,2,1,1,0
7,4,5,2,2,2,1,1,0,1,1,2,2,2,1,1,0
45,18,1,1,1,0,1,1,4,1,1,2,2,1,1,1,1
76,14,3,0,1,0,1,1,4,2,1,2,2,2,2,1,0
10,7,5,2,2,7,1,1,0,1,1,2,2,2,1,2,0
24,17,1,1,2,0,1,3,4,1,1,2,2,2,1,1,1
4,3,5,2,2,1,1,3,0,1,1,2,2,0,2,1,0
28,20,1,1,2,0,1,1,4,1,1,2,2,2,2,1,1
84,16,1,1,1,0,1,1,4,1,1,2,2,2,2,1,0
11,6,5,2,2,1,1,1,0,4,1,2,2,2,1,1,0
23,21,5,0,2,0,1,1,4,3,1,2,2,2,2,1,1
51,19,5,0,2,0,1,3,4,2,1,2,2,2,2,1,1
71,18,1,0,1,0,1,1,2,1,1,1,2,2,1,1,0
21,19,5,17,2,0,1,1,4,1,1,2,2,2,2,2,0
63,23,1,1,2,0,1,1,4,2,1,2,2,2,1,1,1
17,14,5,2,2,1,1,1,4,1,1,2,2,2,1,1,0
9,6,5,2,2,1,1,1,0,1,1,2,2,2,1,1,0
20,16,5,2,2,0,1,1,4,2,1,2,2,2,2,1,1
1,0,5,2,2,2,1,3,0,1,1,2,2,0,2,1,0
45,16,5,0,2,0,1,1,4,1,1,2,2,2,1,2,1
38,14,1,0,1,0,1,3,4,4,1,2,1,1,1,2,0
69,16,3,5,2,0,1,1,2,4,1,2,2,2,1,1,0
44,20,1,1,2,0,1,1,4,2,1,2,2,2,1,1,1
25,16,5,15,2,0,1,1,4,1,1,2,2,2,1,1,1
64,20,5,10,2,0,1,1,4,4,1,2,2,2,1,2,1
53,19,3,0,2,0,1,1,2,1,1,2,2,2,1,2,0
56,16,1,0,2,0,1,1,4,4,1,2,2,2,2,1,0
32,19,5,0,2,0,1,1,4,1,1,2,2,2,2,2,0
22,18,5,2,2,0,1,1,4,2,1,2,2,2,1,9,1
81,21,1,0,2,0,1,1,2,2,1,2,2,2,1,1,0
76,21,1,0,2,0,1,1,3,1,1,2,2,2,1,1,0
60,16,1,0,2,0,1,1,4,1,1,2,2,2,1,2,1
77,19,1,1,2,0,1,1,4,1,1,2,2,2,1,1,1
73,22,1,0,2,0,1,1,2,1,1,2,2,2,1,1,1
43,21,1,1,2,0,1,1,4,1,1,2,2,2,2,1,0
12,9,5,2,2,1,1,3,0,4,1,2,2,2,1,1,0
67,19,3,0,2,0,1,1,4,2,1,2,2,2,2,2,1
2,0,5,2,2,2,1,3,0,4,1,2,2,0,2,1,0
76,23,1,0,2,0,1,1,2,1,1,2,2,2,1,2,1
18,16,5,17,2,0,1,3,4,4,1,2,2,2,1,1,0
43,19,1,0,2,0,1,1,4,2,1,2,2,2,2,1,1
56,19,3,0,1,0,1,1,4,2,1,2,2,2,2,1,0
51,20,3,17,2,0,1,3,4,1,1,2,2,2,2,1,0
10,6,5,4,1,2,1,1,0,1,1,2,2,1,2,1,0
10,7,5,2,2,1,1,1,0,1,1,2,2,2,2,1,0
63,11,2,0,2,0,1,1,4,1,1,2,2,2,2,2,0
25,21,5,12,2,0,1,1,4,2,1,2,2,2,1,1,0
88,19,1,0,2,0,1,1,4,1,1,2,2,2,2,1,1
37,19,1,0,2,0,1,1,4,4,1,2,2,2,1,2,1
7,4,5,2,2,8,1,1,0,1,1,2,2,2,1,1,0
18,18,5,17,2,0,1,3,4,1,1,2,2,2,1,1,0
46,22,1,1,2,0,1,1,4,1,1,2,2,2,2,2,1
79,18,1,0,1,0,1,1,3,1,1,1,2,2,1,1,0
85,19,2,0,1,0,1,1,4,2,1,1,2,2,2,1,0
71,19,1,1,2,0,1,1,4,1,1,2,2,2,2,1,0
68,16,1,1,2,0,1,1,4,1,1,2,2,2,2,1,1
60,20,1,0,2,0,1,1,4,4,1,2,2,2,1,1,1
35,22,1,0,2,0,1,1,4,4,1,2,2,2,2,1,1
3,1,5,2,2,1,1,3,0,4,1,2,2,0,2,1,0
50,13,3,0,1,0,1,1,4,4,1,2,2,2,1,2,0
3,2,5,2,2,1,1,3,0,2,1,2,2,0,2,1,0
2,0,5,2,1,2,1,1,0,1,1,1,2,0,1,6,0
69,20,2,0,2,0,1,1,2,2,1,2,2,2,1,1,0
42,20,1,1,2,0,1,1,4,4,1,2,2,2,1,1,1
3,1,5,2,2,1,1,3,0,4,1,2,2,0,2,1,0
48,22,3,0,2,0,1,1,4,4,1,2,2,2,2,1,0
67,21,1,0,1,0,4,1,4,1,2,2,2,2,2,6,1
66,19,1,0,2,0,1,1,3,2,1,2,2,2,1,1,1
66,16,1,0,2,0,1,1,4,4,1,2,2,2,2,1,0
18,18,5,15,2,0,1,1,4,4,1,2,2,2,2,1,1
9,5,5,2,2,7,1,3,0,1,1,2,2,2,2,2,0
61,19,3,0,1,0,1,1,4,1,1,2,1,2,1,1,0
56,21,1,1,2,0,1,1,4,1,1,2,2,2,2,1,1
52,21,3,13,2,0,1,1,4,2,1,2,2,2,2,1,1
77,18,4,0,1,0,1,1,4,1,1,1,2,2,1,1,1
30,19,1,0,2,0,1,1,4,2,1,2,2,2,2,1,0
56,21,1,0,2,0,1,1,4,1,1,2,2,2,2,1,1
66,19,1,1,2,0,1,1,4,1,1,2,2,2,2,1,0
28,19,1,1,2,0,1,1,4,1,1,2,2,2,1,1,1
49,13,1,0,2,0,1,1,4,1,1,2,2,2,1,1,1
9,6,5,2,2,2,1,1,0,2,1,2,2,2,1,1,0
55,22,1,0,2,0,1,1,2,4,1,2,2,2,1,1,1
6,2,5,2,2,1,1,3,0,1,1,2,2,2,2,2,0
28,21,5,0,2,0,1,1,4,4,1,2,2,2,1,1,1
52,22,1,0,2,0,1,1,2,1,1,2,2,2,1,1,1
47,18,1,1,2,0,1,1,4,4,1,2,2,2,2,1,1
69,19,1,1,1,0,1,1,4,2,1,1,2,2,1,1,0
27,22,1,0,2,0,1,1,1,4,1,2,2,2,1,1,0
45,19,1,1,2,0,5,1,4,1,2,2,2,2,2,1,0
20,19,5,17,2,0,1,1,4,1,1,2,2,2,2,2,0
75,11,2,0,1,0,1,1,4,1,1,2,2,2,2,2,0
51,20,1,1,2,0,1,1,4,4,1,2,2,2,1,1,1
34,21,5,0,2,0,1,3,4,1,1,2,2,2,1,1,1
53,20,1,0,1,0,1,1,4,2,1,1,2,1,1,1,1
24,19,1,0,2,0,1,1,4,4,1,2,2,2,2,1,1
47,20,1,0,2,0,1,1,4,1,1,2,2,2,2,1,1
8,5,5,2,2,7,1,1,0,4,1,2,2,2,2,9,0
4,1,5,14,2,0,1,1,0,1,1,2,2,0,2,2,0
70,18,1,1,2,0,1,1,4,1,1,2,2,2,1,1,0
41,16,5,17,2,0,1,1,4,4,1,2,2,2,1,1,1
73,14,2,0,2,0,1,1,4,2,1,2,2,2,1,2,0
35,24,1,1,2,0,1,3,4,4,1,2,2,2,1,2,1
39,22,1,1,2,0,1,1,4,1,1,2,2,2,1,1,1
64,22,1,1,1,0,1,1,4,4,1,2,2,1,2,1,0
30,20,1,1,2,0,1,1,4,4,1,2,2,2,2,1,1
69,19,3,0,1,0,1,1,4,1,1,2,2,2,2,1,0
58,18,1,0,2,0,3,1,4,2,1,2,2,2,1,1,1
41,9,4,9,2,0,1,1,4,4,1,2,2,2,2,1,1
68,19,1,1,1,0,1,1,3,4,1,1,2,1,1,1,0
60,12,1,0,2,0,1,1,4,1,1,2,2,2,2,2,0
4,2,5,2,2,1,1,1,0,1,1,2,2,0,2,1,0
30,18,5,7,2,0,1,1,4,1,1,2,2,2,2,2,1
42,21,1,0,2,0,1,1,4,4,1,2,2,2,1,1,1
58,16,1,0,2,0,1,1,4,1,1,2,2,2,2,2,1
15,17,5,7,2,6,1,1,0,2,1,2,2,2,1,8,0
18,16,5,2,2,0,1,1,4,4,1,2,2,2,1,1,1
70,22,1,1,2,0,1,1,4,4,1,2,2,2,2,1,0
86,23,1,0,1,0,1,1,2,1,1,2,2,2,1,1,0
82,17,2,0,1,0,1,3,4,1,1,2,2,2,2,1,0
59,16,1,0,2,0,1,1,4,2,1,2,2,2,2,1,1
6,3,5,7,2,7,1,1,0,1,1,2,2,2,2,1,0
11,9,5,2,2,1,1,1,0,1,1,2,2,2,2,1,0
13,10,5,2,1,7,1,3,0,1,1,2,1,1,1,2,0
41,20,3,0,2,0,1,1,4,2,1,2,2,2,1,1,1
31,22,1,0,2,0,1,1,4,1,1,2,2,2,2,1,1
37,20,1,1,1,0,1,1,4,4,1,2,1,2,2,1,1
0,0,5,2,2,2,1,0,0,1,1,2,2,0,1,1,0
66,20,1,0,2,0,1,1,4,4,1,2,2,2,2,1,1
54,21,3,0,2,0,1,1,4,2,1,2,2,2,2,1,1
26,19,5,0,2,0,1,1,4,1,1,2,2,2,2,2,1
37,16,1,0,2,0,5,1,4,1,2,2,2,2,1,1,1
63,22,1,0,2,0,1,1,4,1,1,2,2,2,1,1,1
35,16,3,5,2,0,1,1,4,4,1,2,2,2,1,2,1
17,14,5,2,2,7,1,1,4,1,1,2,2,2,1,2,0
16,13,5,7,2,0,1,1,0,1,1,2,2,2,1,2,0
36,20,4,17,2,0,1,1,2,1,1,2,2,2,2,1,0
2,0,5,2,2,1,1,1,0,4,1,2,2,0,2,1,0
55,17,1,1,2,0,1,1,4,4,1,2,2,2,2,1,1
56,16,3,13,2,0,1,1,4,2,1,2,2,2,1,1,0
24,21,5,0,2,0,1,1,4,1,1,2,2,2,2,2,1
79,18,1,0,2,0,1,1,4,4,1,2,2,2,2,1,0
9,5,5,2,2,7,1,3,0,1,1,2,2,2,2,1,0
59,17,1,0,2,0,1,1,4,1,1,2,2,2,2,1,0
45,18,1,1,2,0,1,1,3,4,1,2,2,2,1,1,1
2,0,5,2,2,5,1,1,0,1,1,2,2,0,2,2,0
76,16,1,1,1,0,1,1,4,1,1,2,2,2,2,1,0
67,22,1,1,2,0,1,1,4,1,1,2,2,2,1,1,0
37,16,1,0,2,0,1,1,4,3,1,2,2,2,1,1,1
12,8,5,2,2,1,1,1,0,4,1,2,2,2,2,1,0
54,20,1,1,2,0,1,1,4,1,1,2,2,2,2,1,1
72,22,1,1,2,0,1,1,2,1,1,2,2,2,1,1,0
49,16,1,2,2,0,1,3,4,2,1,2,2,2,1,1,1
79,16,1,0,2,0,1,1,3,3,1,2,2,2,1,1,0
24,16,5,15,2,0,5,1,4,4,2,2,2,2,1,1,1
18,18,5,17,2,0,1,3,4,1,1,2,2,2,2,1,0
12,8,5,2,2,1,1,1,0,1,1,2,2,2,1,9,0
36,20,1,1,2,0,1,1,4,1,1,2,2,2,2,1,1
75,14,3,0,1,0,1,1,4,1,1,2,2,1,2,1,0
18,18,5,10,2,0,3,1,4,2,1,2,2,2,1,2,0
33,19,1,0,2,0,1,3,4,1,1,2,2,2,2,2,0
11,9,5,2,2,2,1,1,0,1,1,2,2,2,1,2,0
83,16,2,16,1,0,1,3,4,1,1,2,2,1,2,1,0
53,17,1,1,1,0,1,1,4,1,1,2,2,1,2,1,0
36,22,1,0,2,0,1,1,2,1,1,2,2,2,1,1,1
52,16,5,13,2,0,1,1,4,1,1,2,2,2,1,2,1
71,16,2,0,2,0,1,1,4,1,1,2,2,2,2,1,0
86,1,2,0,1,0,1,1,4,1,1,2,2,2,2,2,0
13,10,5,2,2,8,1,3,0,2,1,2,2,2,2,1,0
22,16,5,2,2,0,1,1,4,4,1,2,2,2,1,1,1
57,20,1,0,1,0,1,1,4,1,1,1,2,2,2,1,0
48,19,1,0,2,0,1,3,2,4,1,2,2,2,1,1,1
58,18,3,0,1,0,1,1,4,1,1,2,2,1,2,1,0
53,16,4,0,1,0,1,1,4,1,1,2,2,2,2,1,0
61,19,1,0,2,0,1,1,4,1,1,2,2,2,2,1,0
70,18,1,1,2,0,1,1,4,1,1,2,2,2,2,1,0
19,18,5,17,2,0,1,3,4,1,1,2,2,2,1,1,0
20,19,5,2,2,0,1,1,4,3,1,2,2,2,2,1,1
30,16,1,1,2,0,1,1,4,4,1,2,2,2,2,1,1
8,4,5,2,2,2,1,1,0,4,1,2,2,2,2,1,0
3,1,5,7,2,7,1,1,0,1,1,2,2,0,2,1,0
6,3,5,2,2,8,1,3,0,1,1,2,2,2,1,2,0
52,20,1,1,2,0,1,1,4,1,1,2,2,2,2,1,0
52,17,5,0,2,0,1,1,4,1,1,2,2,2,1,1,1
4,2,5,2,2,1,1,1,0,2,1,2,2,0,2,1,0
9,6,5,2,2,7,1,1,0,1,1,2,2,2,1,2,0
25,21,3,0,2,0,1,1,4,1,1,2,2,2,1,1,1
66,16,1,0,1,0,1,1,4,4,1,1,2,2,1,2,0
66,16,1,0,2,0,1,1,2,4,1,2,2,2,1,1,1
33,14,1,0,2,0,1,3,4,1,1,2,2,2,1,1,1
11,8,5,2,2,1,1,3,0,2,1,2,2,2,2,1,0
63,21,1,0,1,0,1,1,4,2,1,1,2,2,1,1,1
62,13,1,0,2,0,1,1,4,4,1,2,2,2,1,1,1
62,13,2,0,2,0,1,1,4,1,1,2,2,2,2,1,0
6,3,5,3,2,7,1,1,0,1,1,2,2,2,2,2,0
7,4,5,7,2,0,1,1,0,1,1,2,2,2,1,2,0
46,22,1,1,2,0,1,1,4,3,1,2,2,2,2,1,1
50,14,3,0,2,0,1,1,4,2,1,2,2,2,2,1,0
52,19,1,1,2,0,1,1,4,4,1,2,2,2,2,1,1
64,19,1,0,1,0,1,1,2,1,1,1,2,2,1,1,0
75,11,2,16,1,0,1,1,4,1,1,2,2,2,1,2,0
42,16,4,16,2,0,1,3,4,1,1,2,2,2,2,1,0
58,1,5,10,1,0,1,1,4,1,1,2,1,1,1,1,0
75,16,1,1,2,0,1,1,4,1,1,2,2,2,2,1,0
46,19,1,0,2,0,1,1,4,4,1,2,2,2,1,1,1
7,3,5,2,2,1,1,1,0,2,1,2,2,2,1,1,0
68,19,2,0,2,0,1,1,4,1,1,2,2,2,2,1,0
69,16,1,0,2,0,1,1,2,1,1,2,2,2,1,1,0
72,21,2,0,2,0,1,1,4,2,1,2,2,2,2,1,0
39,16,1,1,2,0,1,1,4,4,1,2,2,2,2,1,0
45,23,1,0,2,0,1,1,4,1,1,2,2,2,2,2,0
33,16,5,16,2,0,1,3,4,1,1,2,2,2,1,2,0
54,16,1,1,2,0,1,1,4,1,1,2,2,2,2,1,0
18,19,5,2,2,0,1,1,4,1,1,2,2,2,2,1,0
63,23,1,1,1,0,1,1,4,4,1,2,1,2,1,1,0
54,16,1,1,2,0,1,1,4,1,1,2,2,2,1,1,0
69,19,1,1,2,0,1,1,4,1,1,2,2,2,2,1,0
64,16,4,0,2,0,1,1,4,4,1,2,2,2,1,2,0
15,12,5,2,2,2,1,1,0,4,1,2,2,2,1,1,0
37,17,4,0,2,0,1,1,4,4,1,2,2,2,2,1,0
59,22,1,1,2,0,1,1,4,1,1,2,2,2,2,1,0
12,8,5,3,2,7,1,1,0,1,1,2,2,2,2,2,0
72,16,1,0,2,0,1,1,4,1,1,2,2,2,2,1,0
66,19,1,0,2,0,1,1,4,2,1,2,2,2,1,1,0
42,21,1,0,2,0,3,3,4,1,1,2,2,2,1,1,1
21,19,5,2,2,0,1,1,4,2,1,2,2,2,2,1,0
42,19,3,0,2,0,1,1,1,4,1,2,2,2,1,2,0
73,18,1,1,2,0,1,1,2,1,1,2,2,2,1,1,1
66,17,1,1,2,0,1,1,2,1,1,2,2,2,1,1,0
35,13,5,0,2,0,1,1,4,4,1,2,2,2,1,2,1
27,19,5,0,1,0,1,1,4,2,1,2,2,1,1,9,1
63,16,3,0,1,0,1,3,2,1,1,2,1,1,1,1,0
61,21,1,0,2,0,1,1,4,1,1,2,2,2,1,1,1
93,16,2,0,1,0,1,1,4,4,1,1,2,2,2,1,0
1,0,5,2,2,1,1,1,0,1,1,2,2,0,1,1,0
28,16,1,1,2,0,1,1,4,1,1,2,2,2,1,1,1
64,17,2,6,2,0,1,1,4,2,1,2,2,2,2,1,0
37,18,1,0,2,0,1,1,4,3,1,2,2,2,1,1,1
4,2,5,2,2,1,1,1,0,4,1,2,2,0,2,9,0
10,1,5,2,2,7,1,3,0,1,1,2,2,2,2,1,0
53,17,3,13,2,0,1,3,4,4,1,2,2,2,1,2,1
78,19,1,1,2,0,1,1,4,2,1,2,2,2,2,1,0
81,6,5,16,1,0,1,1,4,1,1,1,1,1,1,2,0
17,13,5,2,2,1,1,1,4,1,1,2,2,2,1,1,0
71,16,1,0,2,0,1,1,3,1,1,2,2,2,1,1,0
70,16,1,1,2,0,1,1,4,4,1,2,2,2,2,1,0
46,18,1,1,2,0,1,1,4,1,1,2,2,2,1,2,1
70,7,2,0,1,0,1,1,4,1,1,2,1,2,2,1,0
42,22,1,1,2,0,1,1,4,2,1,2,2,2,2,1,1
10,8,5,2,2,2,1,1,0,2,1,2,2,2,2,1,0
45,17,1,1,2,0,4,3,4,1,2,2,2,2,2,2,0
84,17,2,0,1,0,1,1,4,1,1,1,2,2,2,2,0
5,3,5,2,2,2,1,1,0,4,1,2,2,2,1,1,0
61,16,1,0,2,0,1,1,4,1,1,2,2,2,2,1,1
47,21,3,0,2,0,1,1,4,1,1,2,2,2,1,1,1
46,15,5,0,2,0,1,1,4,1,1,2,2,2,2,2,1
13,9,5,2,2,7,1,1,0,1,1,2,2,2,2,2,0
12,8,5,2,2,1,1,1,0,4,1,2,2,2,2,1,0
14,10,5,2,2,7,1,1,0,1,1,2,2,2,1,2,0
47,21,1,1,2,0,1,1,4,1,1,2,2,2,2,1,1
12,9,5,2,2,4,1,1,0,2,1,2,2,2,2,1,0
57,21,3,13,2,0,1,1,4,4,1,2,2,2,1,1,0
42,21,1,1,2,0,1,1,4,1,1,2,2,2,1,1,1
42,16,1,0,2,0,1,1,4,4,1,2,2,2,1,1,1
10,7,5,2,2,2,1,1,0,1,1,2,2,2,2,1,0
55,22,3,0,2,0,1,1,4,1,1,2,2,2,2,1,1
71,21,1,0,1,0,1,1,3,1,1,1,2,2,1,1,0
51,22,1,0,2,0,1,1,4,3,1,2,2,2,2,1,1
58,16,1,1,2,0,1,1,4,4,1,2,2,2,2,1,1
26,19,1,1,2,0,1,1,4,1,1,2,2,2,2,1,1
51,21,1,1,2,0,1,1,2,1,1,2,2,2,1,2,1
34,19,1,0,2,0,1,1,4,1,1,2,2,2,1,2,1
18,16,5,3,2,0,1,1,4,1,1,2,2,2,1,2,0
14,9,5,2,2,1,1,1,0,1,1,2,2,2,1,2,0
67,16,1,1,1,0,1,1,3,1,1,1,2,2,1,1,0
24,20,5,0,2,0,1,3,4,1,1,2,2,2,2,2,1
62,17,3,5,2,0,1,1,4,1,1,2,2,2,2,1,0
64,19,1,1,2,0,1,1,4,1,1,2,2,2,2,1,0
72,15,2,0,2,0,1,1,4,4,1,2,2,2,2,1,0
68,20,3,0,1,0,1,1,4,1,1,1,2,1,2,1,0
50,21,1,0,2,0,2,1,3,1,1,2,2,2,1,1,1
73,16,2,0,1,0,1,1,2,1,1,2,1,2,1,1,0
11,8,5,2,2,7,1,1,0,4,1,2,2,2,1,2,0
29,16,5,0,2,0,1,1,4,1,1,2,2,2,2,2,1
41,19,3,0,2,0,1,1,4,4,1,2,2,2,2,1,1
69,9,1,0,2,0,4,1,4,1,2,2,2,2,2,3,0
32,19,1,0,2,0,1,1,4,2,1,2,2,2,1,1,1
70,17,1,0,2,0,1,1,4,3,1,2,2,2,2,1,0
79,12,1,1,2,0,1,1,4,4,1,2,2,2,2,1,0
49,19,1,0,2,0,1,1,4,2,1,2,2,2,1,1,1
78,15,1,1,1,0,1,1,2,4,1,1,1,2,1,1,0
39,21,1,0,2,0,1,1,4,1,1,2,2,2,1,1,1
80,16,1,1,1,0,1,1,4,1,1,2,2,2,2,1,0
29,18,3,0,2,0,4,1,4,2,2,2,2,2,2,1,1
53,20,1,0,2,0,1,1,2,1,1,2,2,2,1,1,1
22,19,5,2,2,0,1,1,4,1,1,2,2,2,2,2,1
32,16,1,0,2,0,1,1,4,2,1,2,2,2,1,1,1
25,18,5,2,1,0,1,1,4,2,1,2,2,1,1,1,1
70,22,1,1,2,0,1,1,4,1,1,2,2,2,2,1,0
45,20,3,0,2,0,1,1,4,2,1,2,2,2,2,1,1
60,21,3,0,2,0,1,1,4,2,1,2,2,2,1,2,1
29,21,1,0,2,0,1,1,4,4,1,2,2,2,2,1,1
60,21,1,0,1,0,1,1,4,1,1,2,2,1,1,2,0
67,18,1,0,2,0,1,1,4,1,1,2,2,2,1,2,0
8,6,5,2,2,1,1,1,0,4,1,2,2,2,1,1,0
57,20,1,0,2,0,1,1,2,1,1,2,2,2,2,1,0
68,21,1,0,2,0,1,1,4,1,1,2,2,2,1,1,1
56,21,3,6,2,0,1,1,4,1,1,2,2,2,2,2,1
26,21,5,2,2,0,1,1,4,2,1,2,2,2,1,9,0
44,18,3,0,2,0,1,3,4,1,1,2,2,2,2,1,1
53,17,1,1,2,0,1,1,3,4,1,2,2,2,1,1,0
68,21,5,0,1,0,1,3,4,2,1,1,1,2,1,1,0
51,11,1,0,1,0,1,1,4,1,1,2,2,1,2,1,0
14,11,5,2,2,1,1,1,0,3,1,2,2,2,2,1,0
35,21,3,13,2,0,1,3,4,1,1,2,2,2,1,1,1
17,14,5,2,2,1,1,1,4,1,1,2,2,2,2,1,0
76,18,2,0,2,0,1,1,4,1,1,2,2,2,2,1,0
57,19,1,0,2,0,1,1,2,4,1,2,2,2,1,1,1
69,21,1,1,2,0,1,1,4,1,1,2,2,2,2,1,0
35,21,1,0,2,0,1,1,4,2,1,2,2,2,1,1,1
43,13,5,0,2,0,1,3,4,1,1,2,2,2,1,2,1
45,13,3,2,2,0,1,1,4,2,1,2,2,2,1,1,0
4,1,5,2,2,1,1,1,0,1,1,2,2,0,2,1,0
44,22,1,1,2,0,1,1,4,3,1,2,2,2,1,1,1
7,3,5,2,2,7,1,1,0,4,1,2,2,2,2,2,0
6,4,5,2,2,1,1,1,0,1,1,2,2,2,1,1,0
67,16,1,0,1,0,1,1,4,2,1,2,2,2,2,1,0
16,13,5,7,2,0,1,3,0,4,1,2,2,2,1,1,0
43,22,1,1,2,0,1,1,4,1,1,2,2,2,2,1,0
43,21,3,0,2,0,1,1,2,1,1,2,2,2,1,1,1
0,0,5,2,2,1,1,0,0,4,1,2,2,0,1,1,0
58,19,2,0,2,0,1,1,4,3,1,2,2,2,2,1,0
53,21,3,0,2,0,1,1,4,1,1,2,2,2,1,1,1
70,21,1,0,2,0,1,1,4,1,1,2,2,2,1,1,1
14,10,5,2,2,1,1,1,0,2,1,2,2,2,2,1,0
33,16,5,0,2,0,1,1,4,1,1,2,2,2,1,2,1
50,21,1,1,2,0,1,1,4,3,1,2,2,2,2,1,1
48,22,1,0,2,0,1,1,4,1,1,2,2,2,2,2,1
25,1,5,12,2,0,5,2,4,1,2,2,2,2,1,8,1
1,0,5,2,2,1,1,3,0,1,1,2,2,0,1,6,0
22,16,5,13,2,0,1,1,4,1,1,2,2,2,1,1,1
34,20,1,0,2,0,1,3,3,4,1,2,2,2,2,1,1
32,20,1,1,2,0,1,1,4,3,1,2,2,2,2,1,1
15,12,5,2,2,7,1,1,0,1,1,2,2,2,1,2,0
7,4,5,2,2,1,1,1,0,4,1,2,2,2,1,1,0
57,17,1,1,2,0,1,1,4,1,1,2,2,2,1,1,0
36,16,1,1,2,0,1,1,2,2,1,2,2,2,1,9,1
57,16,1,1,2,0,1,1,4,4,1,2,2,2,2,1,1
6,3,5,7,2,8,1,1,0,4,1,2,2,2,2,2,0
60,19,3,0,2,0,1,1,4,1,1,2,2,2,1,2,1
54,17,1,0,2,0,1,1,4,1,1,2,2,2,1,1,1
56,10,3,0,2,0,1,1,4,1,1,2,2,2,2,1,0
22,18,5,0,2,0,1,3,4,1,1,2,2,2,2,1,1
55,16,3,0,1,0,1,1,4,1,1,1,2,2,1,1,0
65,16,1,1,1,0,1,1,4,2,1,2,2,1,1,2,0
66,22,1,1,2,0,1,1,4,1,1,2,2,2,2,1,0
9,5,5,2,2,1,1,1,0,4,1,2,2,2,1,1,0
11,7,5,7,2,7,1,3,0,4,1,2,2,2,2,2,0
10,6,5,2,2,7,1,1,0,1,1,2,2,2,1,1,0
3,1,5,2,2,2,1,3,0,1,1,2,2,0,1,1,0
71,16,1,0,2,0,1,1,2,4,1,2,2,2,1,1,0
65,21,1,0,1,0,1,1,4,1,1,1,2,2,1,1,0
60,16,1,1,1,0,1,3,4,4,1,1,2,1,2,1,1
61,16,1,0,2,0,1,1,4,1,1,2,2,2,1,1,1
60,16,5,17,1,0,1,1,4,2,1,2,2,1,1,2,0
55,20,1,1,2,0,5,1,4,2,2,2,2,2,2,1,1
54,15,1,1,1,0,1,1,4,1,1,1,2,2,1,1,0
86,16,2,0,1,0,1,1,4,1,1,2,2,2,2,2,0
52,16,1,0,2,0,1,1,2,1,1,2,2,2,1,2,1
75,17,1,0,2,0,1,1,4,1,1,2,2,2,2,1,0
16,13,5,2,2,7,1,1,0,3,1,2,2,2,1,1,0
3,2,5,7,2,8,1,1,0,1,1,2,2,0,2,1,0
59,19,1,0,2,0,1,1,4,1,1,2,2,2,2,2,0
59,19,3,0,2,0,1,1,4,2,1,2,2,2,2,1,1
33,16,5,0,2,0,1,3,4,1,1,2,2,2,1,2,1
46,16,1,1,2,0,1,1,4,1,1,2,2,2,1,2,1
43,21,1,1,2,0,1,1,4,1,1,2,2,2,2,1,1
93,16,2,0,1,0,1,1,2,3,1,2,2,2,1,1,0
54,19,1,1,2,0,1,1,4,1,1,2,2,2,2,1,1
64,20,2,0,2,0,1,1,4,1,1,2,2,2,2,1,0
11,8,5,2,2,1,1,1,0,1,1,2,2,2,2,1,0
72,16,2,0,1,0,1,1,4,1,1,2,2,2,2,1,0
29,18,5,2,2,0,1,1,4,4,1,2,2,2,2,2,1
36,21,3,2,1,0,1,1,4,1,1,2,1,2,2,1,1
78,16,2,0,2,0,1,1,4,1,1,2,2,2,2,1,0
4,1,5,4,2,2,1,1,0,1,1,2,2,0,1,1,0
28,16,1,0,2,0,1,3,4,4,1,2,2,2,1,1,1
42,21,3,0,2,0,1,1,4,1,1,2,2,2,2,1,1
29,16,5,0,2,0,1,1,4,1,1,2,2,2,1,2,1
52,21,1,1,2,0,1,1,4,4,1,2,2,2,1,1,1
23,19,1,1,2,0,1,1,4,1,1,2,2,2,1,1,1
27,18,5,13,2,0,1,1,4,1,1,2,2,2,2,1,0
73,18,1,0,1,0,1,1,2,1,1,1,2,2,1,3,0
60,16,5,17,1,0,1,1,4,2,1,2,2,1,1,2,0
64,20,1,1,2,0,1,1,4,2,1,2,2,2,2,1,1
29,16,5,0,2,0,1,1,4,1,1,2,2,2,2,2,0
33,19,1,0,2,0,1,1,2,1,1,2,2,2,1,1,1
48,15,3,0,2,0,4,1,4,1,2,2,2,2,2,6,1
85,22,1,0,2,0,1,1,2,1,1,2,2,2,1,1,0
82,16,2,0,1,0,1,1,4,3,1,2,2,2,2,1,0
60,16,5,10,1,0,1,1,4,1,1,2,2,2,2,1,0
11,8,5,2,2,2,1,1,0,1,1,2,2,2,1,1,0
54,12,1,0,2,0,1,1,4,1,1,2,2,2,1,1,1
19,16,5,16,2,0,1,3,4,4,1,2,2,2,2,2,0
39,17,5,16,1,0,1,3,4,1,1,2,2,2,1,2,0
32,18,5,2,2,0,1,1,4,2,1,2,2,2,2,1,0
38,16,5,0,1,0,1,1,4,1,1,2,2,1,1,2,0
61,20,1,0,2,0,1,1,4,1,1,2,2,2,2,1,1
72,16,1,1,1,0,1,1,4,2,1,2,2,2,2,1,1
66,14,1,0,1,0,1,1,2,1,1,2,2,1,1,2,0
60,17,2,0,2,0,1,1,4,1,1,2,2,2,2,2,1
36,21,5,0,2,0,1,1,4,2,1,2,2,2,1,1,1
27,22,1,0,2,0,1,3,4,4,1,2,2,2,2,9,1
41,16,1,1,2,0,1,3,4,2,1,2,2,2,1,1,1
93,20,2,8,1,0,1,1,4,1,1,1,2,1,2,1,0
11,7,5,2,1,7,1,1,0,1,1,2,2,1,1,2,0
61,16,1,1,1,0,1,1,4,1,1,2,2,1,1,1,0
8,5,5,3,2,1,1,1,0,4,1,2,2,2,2,1,0
57,16,3,0,2,0,1,1,4,1,1,2,2,2,1,2,1
33,18,5,0,2,0,1,1,4,4,1,2,2,2,2,2,1
64,16,1,0,2,0,1,1,4,4,1,2,2,2,2,1,1
33,20,3,0,2,0,1,1,4,2,1,2,2,2,1,1,1
20,19,5,0,2,0,1,1,4,4,1,2,2,2,1,1,0
45,19,3,0,2,0,1,1,4,1,1,2,2,2,2,1,0
35,20,1,2,2,0,1,2,4,4,1,2,2,2,1,2,0
9,6,5,2,2,2,1,1,0,3,1,2,2,2,2,1,0
71,21,1,1,2,0,1,1,4,1,1,2,2,2,2,1,0
10,8,5,2,2,7,1,1,0,1,1,2,2,2,1,2,0
74,21,1,1,1,0,1,1,4,1,1,2,2,1,2,1,0
55,17,1,0,2,0,1,1,4,4,1,2,2,2,1,1,1
33,22,1,0,2,0,1,1,4,1,1,2,2,2,1,1,1
17,14,5,2,2,1,1,1,4,1,1,2,2,2,2,1,0
49,17,1,0,2,0,1,1,4,1,1,2,2,2,2,1,1
42,19,1,0,2,0,1,1,4,2,1,2,2,2,2,1,1
29,21,1,1,2,0,5,2,4,1,2,2,2,2,2,6,0
31,12,1,1,2,0,1,1,4,4,1,2,2,2,1,1,1
5,2,5,2,2,2,1,1,0,1,1,2,2,2,2,1,0
74,14,2,0,1,0,1,1,4,4,1,2,2,2,2,2,0
38,16,1,1,2,0,1,1,4,4,1,2,2,2,1,1,1
5,2,5,10,2,0,1,1,0,4,1,2,2,2,1,2,0
31,17,5,17,1,0,1,1,4,1,1,2,2,1,1,1,0
17,13,5,2,2,7,1,1,4,1,1,2,2,2,1,1,0
0,0,5,2,2,4,1,0,0,4,1,2,2,0,1,1,0
19,19,5,7,2,0,1,1,4,2,1,2,2,2,2,2,1
76,18,1,0,2,0,1,3,4,1,1,2,2,2,1,1,0
68,18,2,0,1,0,1,1,4,4,1,2,2,2,1,1,0
34,21,1,0,2,0,1,1,4,3,1,2,2,2,2,1,1
55,21,1,1,1,0,1,1,4,1,1,2,2,2,2,1,1
58,16,1,1,1,0,1,3,4,1,1,1,2,2,1,1,0
1,0,5,2,2,5,1,1,0,4,1,2,2,0,1,1,0
57,21,1,0,2,0,1,1,4,1,1,2,2,2,2,1,1
53,19,1,0,2,0,1,1,4,4,1,2,2,2,2,1,1
12,9,5,2,2,1,1,1,0,1,1,2,2,2,1,8,0
42,19,1,1,2,0,1,1,4,4,1,2,2,2,2,1,0
55,21,1,1,2,0,1,1,4,3,1,2,2,2,1,1,1
24,18,4,2,1,0,1,3,2,2,1,1,2,2,1,1,1
8,5,5,2,2,7,1,1,0,1,1,2,2,2,2,9,0
26,18,1,1,2,0,1,1,4,4,1,2,2,2,1,9,1
78,18,3,0,2,0,1,1,4,4,1,2,2,2,2,1,0
35,16,4,2,2,0,1,1,4,1,1,2,2,2,2,1,0
44,19,1,0,2,0,1,1,4,1,1,2,2,2,2,1,1
49,13,1,0,2,0,1,1,4,4,1,2,2,2,1,1,0
49,16,1,1,2,0,1,3,4,1,1,2,2,2,2,1,1
56,13,4,0,1,0,1,1,4,1,1,2,2,2,2,2,0
64,17,3,5,1,0,1,3,4,4,1,1,2,2,2,1,1
51,21,1,1,2,0,1,1,4,1,1,2,2,2,2,1,1
46,16,1,1,2,0,1,1,4,1,1,2,2,2,1,1,1
52,19,1,0,2,0,1,1,2,1,1,2,2,2,1,1,1
11,7,5,2,2,1,1,1,0,4,1,2,2,2,1,1,0
6,3,5,2,2,1,1,1,0,2,1,2,2,2,2,1,0
8,5,5,7,2,7,1,1,0,1,1,2,2,2,1,2,0
23,15,1,0,2,0,1,1,4,3,1,2,2,2,1,1,1
3,2,5,2,2,7,1,1,0,1,1,2,2,0,2,2,0
13,11,5,2,2,7,1,1,0,4,1,2,2,2,2,1,0
62,20,1,1,2,0,1,1,4,4,1,2,2,2,2,1,1
61,20,3,0,2,0,1,1,2,1,1,2,2,2,1,1,1
10,6,5,2,2,7,1,1,0,1,1,2,2,2,1,1,0
42,1,1,15,2,0,1,1,4,4,1,2,2,2,1,2,1
59,21,1,0,2,0,1,1,4,2,1,2,2,2,2,1,1
62,19,2,0,2,0,1,1,4,1,1,2,2,2,2,1,1
25,19,5,0,2,0,1,1,4,4,1,2,2,2,2,1,1
19,16,5,2,2,0,1,1,4,1,1,2,2,2,1,1,1
46,16,1,1,1,0,1,1,4,4,1,2,2,2,2,1,0
24,16,5,7,2,0,1,1,4,1,1,2,2,2,2,2,1
0,0,5,2,2,1,1,0,0,1,1,2,2,0,1,1,0
71,21,1,0,2,0,1,1,4,1,1,2,2,2,1,1,1
39,21,1,0,2,0,1,1,4,1,1,2,2,2,1,1,1
8,5,5,15,2,0,5,3,0,1,2,2,2,2,2,8,0
64,20,3,0,2,0,1,1,4,1,1,2,2,2,1,2,0
33,18,1,0,2,0,1,3,4,1,1,2,2,2,1,2,1
5,2,5,2,2,7,1,1,0,2,1,2,2,2,1,1,0
55,21,1,0,2,0,1,1,4,1,1,2,2,2,2,1,1
49,16,1,0,2,0,1,1,4,1,1,2,2,2,1,1,1
37,17,5,16,1,0,1,3,4,1,1,2,2,2,1,2,0
49,18,3,2,1,0,1,1,4,2,1,2,2,1,2,9,0
32,16,1,0,2,0,1,3,4,4,1,2,2,2,2,1,1
16,14,5,2,2,7,1,1,0,1,1,2,2,2,2,1,0
76,15,5,5,2,0,1,1,4,4,1,2,2,2,2,1,0
43,21,3,0,2,0,1,3,4,1,1,2,2,2,2,1,1
12,8,5,2,2,2,1,1,0,1,1,2,2,2,1,1,0
7,3,5,2,2,1,1,1,0,4,1,2,2,2,1,1,0
12,8,5,7,1,0,1,1,0,1,1,2,2,1,2,1,0
62,20,3,0,2,0,1,1,4,1,1,2,2,2,2,2,0
53,12,1,1,1,0,1,3,4,1,1,2,1,2,2,2,0
70,19,2,0,2,0,1,1,4,1,1,2,2,2,2,1,0
47,21,1,1,2,0,1,1,4,1,1,2,2,2,2,1,1
39,19,1,1,2,0,1,1,2,1,1,2,2,2,1,3,1
60,20,2,0,2,0,1,1,4,3,1,2,2,2,2,1,0
64,13,5,0,2,0,1,3,4,4,1,2,2,2,2,1,0
58,16,3,0,2,0,1,1,4,4,1,2,2,2,2,2,0
24,18,3,7,2,0,1,1,4,2,1,2,2,2,1,1,0
43,21,5,13,1,0,1,3,4,2,1,2,2,1,2,1,0
64,22,2,0,2,0,1,1,4,4,1,2,2,2,2,1,1
74,21,1,0,1,0,1,1,2,1,1,1,2,2,1,1,0
19,16,5,12,2,0,1,3,4,1,1,2,2,2,2,2,0
20,21,1,0,2,0,1,1,4,2,1,2,2,2,1,1,1
10,7,5,2,2,7,1,1,0,1,1,2,2,2,2,1,0
64,22,1,1,1,0,1,1,2,1,1,1,2,2,1,1,0
69,21,2,0,1,0,1,1,4,4,1,2,2,2,2,1,0
61,17,1,5,2,0,1,1,4,4,1,2,2,2,2,1,1
14,10,5,2,2,7,1,1,0,1,1,2,2,2,2,2,0
8,5,5,2,2,1,1,1,0,1,1,2,2,2,2,1,0
70,22,1,0,2,0,1,1,4,1,1,2,2,2,1,1,1
9,6,5,2,2,1,1,1,0,4,1,2,2,2,2,1,0
54,16,4,0,2,0,1,1,4,1,1,2,2,2,1,1,1
21,18,5,13,2,0,1,3,4,4,1,2,2,2,2,1,0
84,16,2,0,2,0,1,3,4,4,1,2,2,2,2,1,0
51,21,1,1,2,0,1,1,4,2,1,2,2,2,2,1,1
62,21,1,0,2,0,1,1,4,1,1,2,2,2,1,1,1
55,18,1,1,2,0,1,1,4,1,1,2,2,2,1,2,1
41,19,3,16,2,0,1,3,4,2,1,2,2,2,1,1,0
14,10,5,2,2,1,1,1,0,4,1,2,2,2,1,1,0
60,20,1,0,2,0,1,1,4,2,1,2,2,2,2,1,1
17,15,5,2,2,1,1,1,4,1,1,2,2,2,1,1,0
74,16,1,0,1,0,1,1,4,4,1,1,2,2,1,1,0
33,12,5,4,2,0,1,3,4,1,1,2,2,2,2,1,0
88,13,2,6,1,0,1,1,4,4,1,2,1,2,2,1,0
2,0,5,2,2,7,1,3,0,2,1,2,2,0,2,1,0
23,16,5,2,1,0,1,1,4,1,1,2,2,1,1,2,0
80,16,2,6,1,0,1,1,4,3,1,2,1,1,2,1,0
53,13,4,0,1,0,1,3,4,1,1,2,2,2,2,1,0
31,16,1,2,2,0,1,1,4,1,1,2,2,2,2,2,1
47,22,5,0,2,0,1,1,4,1,1,2,2,2,1,1,1
76,1,1,0,1,0,1,1,4,4,1,2,2,1,1,1,0
63,19,2,0,1,0,1,1,4,1,1,2,2,2,2,2,0
18,16,5,2,2,0,1,1,4,1,1,2,2,2,2,2,0
17,14,5,2,2,1,1,1,4,1,1,2,2,2,1,1,0
15,13,5,2,2,1,1,1,0,2,1,2,2,2,2,9,0
7,3,5,2,2,7,1,3,0,1,1,2,2,2,2,2,0
72,16,1,1,1,0,1,1,4,1,1,2,2,1,2,1,0
17,14,5,2,2,1,1,1,4,4,1,2,2,2,2,1,0
44,16,1,0,2,0,1,1,4,4,1,2,2,2,2,1,0
66,18,3,0,1,0,1,1,4,1,1,2,1,1,2,2,0
36,16,1,1,2,0,1,1,4,1,1,2,2,2,1,1,1
17,14,5,2,2,1,1,1,4,4,1,2,2,2,2,1,1
9,7,5,7,2,7,1,1,0,4,1,2,2,2,2,1,0
58,20,5,0,2,0,1,1,4,1,1,2,2,2,2,2,0
48,21,1,0,2,0,1,1,4,2,1,2,2,2,1,1,1
47,18,1,1,2,0,1,1,4,4,1,2,2,2,1,1,1
66,18,1,1,2,0,1,1,4,1,1,2,2,2,2,1,1
21,16,5,2,2,0,1,1,4,4,1,2,2,2,1,2,1
42,16,1,1,1,0,1,1,4,1,1,1,2,2,2,1,1
75,19,1,1,2,0,5,1,4,1,2,2,2,2,1,1,0
58,17,1,1,1,0,1,1,4,1,1,1,2,2,2,1,0
60,16,1,0,2,0,1,1,4,1,1,2,2,2,1,1,1
33,16,5,7,1,0,1,1,4,1,1,1,2,1,2,2,0
80,14,2,0,1,0,1,1,4,4,1,1,2,2,2,1,0
62,22,1,0,2,0,1,1,4,2,1,2,2,2,2,1,1
36,22,1,1,2,0,1,1,4,1,1,2,2,2,1,1,1
42,21,5,0,2,0,1,1,4,1,1,2,2,2,2,2,1
1,0,5,2,2,1,1,1,0,4,1,2,2,0,2,1,0
34,19,1,1,2,0,1,3,4,2,1,2,2,2,1,1,1
17,13,5,2,2,7,1,1,4,4,1,2,2,2,2,1,0
55,16,1,1,1,0,1,1,4,1,1,2,2,2,2,1,0
66,21,1,1,2,0,1,1,4,1,1,2,2,2,1,1,0
51,20,1,1,2,0,1,1,4,3,1,2,2,2,2,1,1
33,20,1,0,2,0,1,1,4,4,1,2,2,2,1,1,1
34,16,3,2,2,0,1,1,4,4,1,2,2,2,1,2,0
64,16,3,0,2,0,1,1,4,1,1,2,2,2,1,1,1
5,3,5,16,2,0,1,3,0,1,1,2,2,2,1,1,0
93,11,1,16,1,0,1,1,4,2,1,2,1,1,1,2,0
35,21,3,5,2,0,1,1,4,1,1,2,2,2,2,2,1
80,1,1,0,1,0,1,1,4,1,1,1,1,1,2,1,0
60,20,1,0,1,0,1,1,4,1,1,2,2,2,1,1,0
61,21,1,1,2,0,1,1,4,1,1,2,2,2,2,2,0
26,16,5,2,2,0,1,1,4,1,1,2,2,2,2,2,1
74,21,1,1,1,0,1,1,4,4,1,1,2,2,2,1,1
53,18,1,0,2,0,1,1,4,1,1,2,2,2,1,1,1
60,18,1,1,2,0,1,1,4,3,1,2,2,2,2,1,0
3,1,5,2,2,2,1,1,0,2,1,2,2,0,1,1,0
38,19,1,1,2,0,1,1,4,4,1,2,2,2,2,1,1
79,16,2,16,1,0,1,1,4,1,1,2,2,1,2,1,0
32,18,1,16,2,0,5,1,4,1,2,2,2,2,2,9,0
14,9,5,2,1,2,1,1,0,1,1,2,2,1,1,1,0
15,12,5,2,2,7,1,1,0,1,1,2,2,2,1,1,0
73,14,1,1,2,0,1,1,4,1,1,2,2,2,2,1,0
81,22,1,0,1,0,1,1,2,4,1,2,2,2,1,1,0
79,16,1,1,1,0,1,1,4,1,1,1,2,2,2,1,0
45,18,3,0,2,0,1,3,4,1,1,2,2,2,2,1,1
61,16,1,1,1,0,1,1,4,1,1,1,2,2,1,2,0
53,16,4,0,2,0,1,1,4,1,1,2,2,2,2,2,1
71,21,2,0,2,0,1,1,4,4,1,2,2,2,2,2,1
68,19,1,0,2,0,1,1,4,1,1,2,2,2,2,1,0
4,1,5,2,2,7,1,1,0,1,1,2,2,0,1,2,0
58,16,1,1,2,0,1,3,4,1,1,2,2,2,2,1,0
13,11,5,2,2,2,1,1,0,2,1,2,2,2,1,1,0
79,16,3,0,1,0,1,1,4,1,1,2,2,2,1,1,0
71,16,1,1,2,0,1,1,2,3,1,2,2,2,1,1,0
50,21,1,0,2,0,1,1,4,1,1,2,2,2,1,1,1
49,19,3,0,2,0,1,1,4,2,1,2,2,2,2,2,1
21,16,5,0,2,0,1,1,4,1,1,2,2,2,1,1,0
41,16,1,1,2,0,1,1,4,1,1,2,2,2,1,1,1
10,8,5,2,2,2,1,1,0,2,1,2,2,2,2,1,0
64,16,1,1,1,0,1,1,2,1,1,2,2,2,1,1,0
19,19,5,17,2,0,1,3,4,2,1,2,2,2,1,2,0
70,21,1,1,1,0,1,1,4,1,1,1,2,2,1,1,0
64,17,1,1,1,0,1,1,2,4,1,2,2,1,1,1,0
40,21,1,1,2,0,1,1,4,4,1,2,2,2,1,1,1
55,19,1,0,2,0,1,1,4,2,1,2,2,2,2,1,1
74,16,1,16,1,0,1,3,4,4,1,2,1,2,1,1,0
30,16,5,2,1,0,1,1,4,4,1,2,2,1,2,1,0
61,16,1,0,1,0,1,1,4,1,1,2,2,2,2,1,0
36,19,1,0,2,0,1,3,4,1,1,2,2,2,2,2,1
64,20,1,1,2,0,1,1,4,2,1,2,2,2,1,1,1
58,19,5,0,1,0,1,1,2,4,1,2,2,2,1,9,0
57,13,1,1,1,0,1,1,4,1,1,2,1,2,2,1,0
10,7,5,2,2,1,1,1,0,2,1,2,2,2,1,1,0
26,17,5,16,2,0,1,3,4,1,1,2,2,2,1,2,0
57,18,3,0,1,0,1,1,4,1,1,1,2,2,2,1,1
17,14,5,2,2,7,1,1,4,2,1,2,2,2,1,1,0
75,19,1,1,2,0,1,1,4,1,1,2,2,2,2,1,0
0,0,5,2,2,1,1,0,0,1,1,2,2,0,1,2,0
6,3,5,2,2,1,1,1,0,1,1,2,2,2,1,1,0
4,1,5,2,2,1,1,1,0,4,1,2,2,0,1,2,0
57,14,1,0,2,0,1,1,4,1,1,2,2,2,2,2,0
7,4,5,2,2,2,1,3,0,1,1,2,2,2,2,1,0
5,1,5,2,2,1,1,1,0,2,1,2,2,2,1,1,0
54,20,1,0,2,0,1,1,3,4,1,2,2,2,1,3,1
62,16,5,0,2,0,1,1,4,1,1,2,2,2,2,2,0
50,19,1,0,2,0,1,3,4,4,1,2,2,2,2,1,1
72,16,1,1,2,0,1,1,4,1,1,2,2,2,1,2,0
54,16,1,1,2,0,1,1,4,2,1,2,2,2,2,1,1
70,16,1,0,1,0,1,1,4,1,1,2,1,1,2,1,0
57,15,1,0,2,0,5,1,4,1,2,2,2,2,1,2,1
58,21,5,0,1,0,1,1,4,1,1,2,2,2,2,2,0
64,20,1,0,1,0,1,1,4,1,1,2,2,1,2,1,0
56,20,5,2,2,0,1,1,2,1,1,2,2,2,1,2,0
2,0,5,7,2,0,1,1,0,1,1,2,2,0,1,1,0
63,19,3,0,2,0,1,1,4,1,1,2,2,2,1,1,1
76,11,3,0,1,0,1,1,4,4,1,1,2,2,1,1,0
30,19,5,0,2,0,1,1,4,4,1,2,2,2,2,1,1
23,20,5,2,2,0,1,1,4,1,1,2,2,2,1,1,1
58,20,1,1,2,0,1,1,2,1,1,2,2,2,1,1,1
76,17,1,0,2,0,1,1,2,2,1,2,2,2,1,1,0
42,19,5,0,2,0,1,1,4,1,1,2,2,2,2,1,1
60,16,1,0,1,0,1,1,4,1,1,1,2,2,1,1,1
71,19,1,1,2,0,1,1,4,1,1,2,2,2,1,1,0
84,16,2,0,2,0,1,1,4,1,1,2,2,2,2,2,0
22,16,5,13,2,0,1,3,4,1,1,2,2,2,1,1,1
65,19,1,1,2,0,1,1,4,4,1,2,2,2,2,1,1
35,13,5,0,1,0,1,1,4,4,1,2,2,1,2,1,0
58,16,1,0,2,0,1,1,4,1,1,2,2,2,1,1,1
27,16,1,1,2,0,1,3,4,2,1,2,2,2,2,1,1
11,8,5,2,2,1,1,1,0,4,1,2,2,2,1,1,0
2,0,5,2,2,1,1,1,0,4,1,2,2,0,1,1,0
44,24,1,1,2,0,1,1,4,4,1,2,2,2,1,1,1
41,16,3,2,2,0,1,1,4,4,1,2,2,2,2,1,0
57,16,3,0,2,0,1,1,4,1,1,2,2,2,2,1,1
38,11,1,2,2,0,1,3,4,1,1,2,2,2,2,1,0
53,18,1,1,2,0,3,1,3,3,1,2,2,2,1,1,1
27,21,1,1,2,0,1,1,4,1,1,2,2,2,2,1,1
20,17,5,15,2,0,1,3,4,4,1,2,2,2,1,1,1
69,7,1,1,2,0,1,1,4,1,1,2,2,2,1,2,0
67,19,1,1,2,0,1,1,4,2,1,2,2,2,2,1,0
23,21,5,0,2,0,1,1,4,2,1,2,2,2,2,1,1
20,19,5,2,2,0,1,1,4,4,1,2,2,2,2,1,0
59,21,1,0,2,0,1,1,4,2,1,2,2,2,2,1,0
58,19,1,0,2,0,1,1,4,4,1,2,2,2,1,1,1
51,20,1,1,2,0,1,1,4,2,1,2,2,2,2,1,1
31,21,1,0,2,0,1,1,4,1,1,2,2,2,2,1,0
48,16,3,0,2,0,1,1,4,4,1,2,2,2,2,1,1
80,18,2,0,2,0,1,1,2,1,1,2,2,2,1,2,0
70,17,1,1,1,0,1,1,4,1,1,1,2,2,2,1,0
46,24,1,1,2,0,1,1,4,4,1,2,2,2,1,1,1
53,17,3,0,2,0,1,1,4,1,1,2,2,2,1,2,1
47,16,1,1,2,0,1,1,4,1,1,2,2,2,1,1,1
36,19,1,1,2,0,1,1,4,1,1,2,2,2,2,1,1
84,18,2,0,1,0,1,1,4,1,1,2,2,2,2,1,0
65,22,1,0,2,0,1,1,4,4,1,2,2,2,1,1,0
70,19,3,0,2,0,1,1,2,1,1,2,2,2,1,1,0
5,3,5,2,2,1,1,1,0,2,1,2,2,2,1,1,0
47,11,5,13,2,0,5,1,4,1,2,2,2,2,1,1,1
35,16,1,0,2,0,1,1,4,1,1,2,2,2,1,1,1
61,19,3,13,1,0,1,1,4,2,1,2,2,2,2,1,0
11,8,5,2,2,1,1,1,0,1,1,2,2,2,1,3,0
26,15,5,7,2,0,1,1,4,1,1,2,2,2,2,1,0
64,20,3,0,2,0,1,1,4,1,1,2,2,2,2,1,0
32,19,5,16,2,0,1,3,4,1,1,2,2,2,2,1,0
48,22,5,0,2,0,1,1,4,1,1,2,2,2,2,2,1
42,20,1,0,2,0,1,1,4,4,1,2,2,2,2,1,1
31,21,1,1,2,0,1,1,4,3,1,2,2,2,2,1,1
41,19,4,0,2,0,1,1,4,2,1,2,2,2,1,1,1
45,16,1,1,2,0,1,1,4,4,1,2,2,2,1,1,1
57,20,1,0,2,0,1,1,4,4,1,2,2,2,1,1,1
13,9,5,2,2,1,1,1,0,3,1,2,2,2,1,1,0
22,13,5,16,1,0,1,3,4,1,1,2,2,2,2,1,0
51,16,1,0,2,0,1,1,4,2,1,2,2,2,2,1,0
48,21,1,0,2,0,1,1,4,1,1,2,2,2,1,1,1
53,23,1,0,2,0,1,1,4,4,1,2,2,2,2,1,0
11,8,5,2,2,1,1,1,0,4,1,2,2,2,1,1,0
67,16,1,1,2,0,1,1,4,4,1,2,2,2,2,1,1
77,17,3,0,2,0,1,1,4,2,1,2,2,2,2,1,0
33,16,1,15,2,0,1,3,4,1,1,2,2,2,2,2,0
74,20,2,0,1,0,1,1,4,4,1,1,1,1,2,1,0
15,12,5,2,2,1,1,1,0,4,1,2,2,2,1,1,0
54,9,4,0,1,0,1,1,4,1,1,2,2,1,1,1,0
38,16,1,1,2,0,1,1,4,1,1,2,2,2,1,2,1
55,13,1,0,2,0,1,1,4,3,1,2,2,2,1,1,1
67,22,1,1,2,0,1,1,4,2,1,2,2,2,2,1,0
59,23,1,0,1,0,1,1,2,1,1,1,2,2,1,1,0
16,13,5,2,2,1,1,1,0,4,1,2,2,2,2,1,1
87,9,2,0,1,0,1,1,4,1,1,1,2,1,2,9,0
43,22,1,0,2,0,1,1,4,1,1,2,2,2,2,1,1
72,20,3,0,1,0,1,1,2,1,1,1,2,2,1,3,0
93,14,2,0,1,0,1,1,4,1,1,2,2,2,2,2,0
63,14,5,0,2,0,1,1,4,1,1,2,2,2,2,2,0
62,21,1,0,2,0,1,1,2,1,1,2,2,2,1,2,0
26,21,1,0,2,0,1,1,4,2,1,2,2,2,2,1,1
60,16,1,0,2,0,1,1,4,2,1,2,2,2,2,1,1
5,3,5,2,2,1,1,1,0,2,1,2,2,2,2,1,0
63,21,1,1,2,0,1,1,4,1,1,2,2,2,1,1,1
6,3,5,2,2,7,1,1,0,4,1,2,2,2,2,1,0
60,21,1,0,2,0,1,1,4,1,1,2,2,2,1,1,0
18,16,5,7,2,0,1,1,4,2,1,2,2,2,1,1,0
52,15,1,1,2,0,1,1,4,4,1,2,2,2,2,1,1
20,16,5,2,2,0,1,1,4,2,1,2,2,2,1,1,1
45,16,1,0,2,0,1,1,3,1,1,2,2,2,1,1,1
19,19,5,17,2,0,1,3,4,2,1,2,2,2,2,2,0
29,18,3,2,1,0,1,1,2,2,1,1,2,2,1,1,0
59,16,1,0,2,0,1,1,4,1,1,2,2,2,1,2,1
41,15,3,0,1,0,1,1,4,4,1,2,1,2,2,1,1
15,11,5,2,2,2,1,1,0,4,1,2,2,2,1,1,0
87,11,2,0,1,0,1,1,4,4,1,1,2,1,2,1,0
93,16,2,16,1,0,1,1,4,1,1,1,2,1,2,1,0
7,3,5,7,2,7,1,1,0,4,1,2,2,2,2,1,0
89,16,2,0,2,0,1,1,4,1,1,2,2,2,2,1,0
61,19,3,0,2,0,1,1,4,1,1,2,2,2,2,1,1
59,17,1,1,1,0,1,1,4,4,1,2,2,1,2,1,1
45,19,3,4,2,0,1,3,4,2,1,2,2,2,1,1,1
67,16,1,0,2,0,1,1,4,1,1,2,2,2,1,1,1
0,0,5,2,2,1,1,0,0,1,1,2,2,0,2,1,0
57,18,1,0,2,0,1,1,4,1,1,2,2,2,2,1,1
19,16,5,2,2,0,1,1,4,1,1,2,2,2,2,1,0
47,19,1,1,2,0,1,1,2,1,1,2,2,2,2,1,1
47,20,1,0,2,0,1,1,4,4,1,2,2,2,1,1,1
15,11,5,16,2,0,1,3,0,4,1,2,2,2,2,2,0
34,20,1,0,2,0,1,1,4,4,1,2,2,2,1,1,1
15,13,5,2,2,1,1,1,0,1,1,2,2,2,2,1,0
17,13,5,2,2,1,3,1,4,1,1,2,2,2,1,1,0
41,18,1,1,2,0,1,1,3,2,1,2,2,2,1,9,1
45,13,1,1,2,0,4,1,4,1,2,2,2,2,2,1,1
67,21,1,1,2,0,1,3,4,2,1,2,2,2,2,1,0
31,22,1,0,2,0,1,1,1,1,1,2,2,2,1,1,0
64,22,1,0,2,0,1,1,4,2,1,2,2,2,2,1,1
59,16,1,1,2,0,1,1,4,1,1,2,2,2,1,2,0
27,20,5,2,2,0,1,1,4,4,1,2,2,2,1,1,0
46,16,3,16,2,0,1,3,4,2,1,2,2,2,1,1,0
73,19,1,0,2,0,1,1,4,1,1,2,2,2,1,1,1
70,18,1,1,2,0,1,1,2,2,1,2,2,2,1,1,1
47,17,5,16,2,0,1,3,4,1,1,2,2,2,1,2,0
50,17,3,0,2,0,1,1,2,4,1,2,2,2,2,2,0
17,19,5,2,2,7,1,3,4,4,1,2,2,2,2,1,1
79,20,1,0,1,0,1,1,2,1,1,1,2,2,1,1,0
4,1,5,2,2,2,1,1,0,1,1,2,2,0,1,1,0
70,19,1,0,2,0,1,1,4,2,1,2,2,2,2,1,0
23,18,5,2,2,0,1,1,4,1,1,2,2,2,2,2,1
21,19,5,2,2,0,1,1,4,2,1,2,2,2,1,9,0
59,22,1,0,2,0,1,1,4,1,1,2,2,2,1,1,1
83,12,3,0,1,0,1,1,4,1,1,2,2,1,2,1,0
41,19,1,0,2,0,1,1,4,2,1,2,2,2,2,1,1
13,9,5,2,2,1,1,1,0,1,1,2,2,2,1,1,0
54,19,1,0,2,0,4,1,2,4,2,2,2,2,1,1,1
7,5,5,2,2,5,1,1,0,4,1,2,2,2,2,1,0
5,2,5,2,2,1,1,1,0,2,1,2,2,2,2,1,0
18,16,5,7,2,0,1,1,4,2,1,2,2,2,1,1,1
50,16,1,1,1,0,1,1,4,4,1,1,2,2,2,1,0
63,16,1,1,2,0,1,1,4,2,1,2,2,2,2,1,1
14,11,5,7,2,0,1,1,0,4,1,2,2,2,1,1,0
31,19,5,0,2,0,1,1,4,1,1,2,2,2,2,2,1
53,23,1,1,2,0,1,1,4,1,1,2,2,2,1,1,1
46,18,5,0,2,0,1,1,4,1,1,2,2,2,2,2,0
58,20,1,1,2,0,1,1,4,3,1,2,2,2,2,1,1
48,18,1,0,2,0,1,1,4,1,1,2,2,2,1,2,1
72,21,4,0,2,0,1,1,4,4,1,2,2,2,2,2,0
26,20,1,1,2,0,1,3,4,1,1,2,2,2,2,1,1
68,22,1,1,2,0,1,1,4,1,1,2,2,2,2,1,0
48,20,1,1,2,0,1,1,4,1,1,2,2,2,2,1,1
6,3,5,2,2,7,1,1,0,4,1,2,2,2,1,1,0
21,19,5,17,2,0,5,1,4,2,2,2,2,2,1,1,0
9,6,5,2,2,7,1,1,0,1,1,2,2,2,2,1,0
37,16,3,0,2,0,1,1,4,1,1,2,2,2,2,9,0
1,0,5,2,2,1,1,1,0,1,1,2,2,0,1,1,0
12,10,5,2,2,1,1,1,0,3,1,2,2,2,2,1,0
52,19,3,17,2,0,1,1,4,1,1,2,2,2,1,2,1
59,16,1,1,2,0,1,1,4,1,1,2,2,2,2,2,0
27,18,1,1,2,0,1,1,4,4,1,2,2,2,2,1,1
70,11,1,1,1,0,1,1,2,4,1,1,2,2,1,1,0
28,23,1,1,2,0,5,1,4,1,2,2,2,2,2,2,0
60,16,5,17,1,0,1,1,4,2,1,2,2,1,1,2,0
2,0,5,2,2,1,1,1,0,1,1,2,2,0,1,1,0
28,20,1,0,2,0,1,1,4,1,1,2,2,2,2,1,0
51,14,3,16,1,0,1,3,4,4,1,2,1,1,1,2,0
41,19,3,2,2,0,1,1,4,4,1,2,2,2,2,1,1
18,14,5,2,2,0,1,1,4,1,1,2,2,2,1,1,1
58,16,1,1,1,0,1,1,4,2,1,2,2,1,1,1,0
74,16,1,0,2,0,1,1,4,4,1,2,2,2,1,1,0
52,17,3,0,1,0,1,1,4,4,1,2,1,2,1,1,0
15,12,5,7,2,7,1,1,0,4,1,2,2,2,2,2,0
44,21,1,0,2,0,1,1,4,4,1,2,2,2,2,1,1
50,13,5,0,1,0,1,1,4,1,1,2,2,2,2,1,1
82,16,1,0,2,0,1,1,2,1,1,2,2,2,1,2,0
46,21,5,2,2,0,1,1,4,2,1,2,2,2,2,9,1
27,17,5,0,2,0,1,1,4,1,1,2,2,2,1,1,1
61,21,5,2,2,0,1,1,4,1,1,2,2,2,1,1,1
9,5,5,3,2,1,1,1,0,1,1,2,2,2,1,2,0
53,19,1,1,2,0,1,1,3,2,1,2,2,2,2,1,1
88,18,2,0,1,0,1,1,4,2,1,2,1,2,2,1,0
14,11,5,2,2,7,1,3,0,1,1,2,2,2,1,2,0
42,19,3,0,2,0,1,1,4,1,1,2,2,2,2,2,1
49,19,3,0,2,0,1,1,2,2,1,2,2,2,1,1,0
13,10,5,2,2,5,1,1,0,1,1,2,2,2,1,2,0
66,21,1,0,2,0,1,1,4,1,1,2,2,2,1,1,1
38,20,1,0,2,0,1,1,4,1,1,2,2,2,2,1,1
81,10,1,1,2,0,1,1,4,1,1,2,2,2,1,1,0
17,13,5,2,2,1,1,3,4,1,1,2,2,2,1,1,0
25,19,5,7,2,0,1,1,4,1,1,2,2,2,2,2,1
12,9,5,2,1,7,1,1,0,1,1,1,2,1,1,2,0
64,21,1,0,2,0,1,1,4,1,1,2,2,2,1,1,0
78,16,2,0,2,0,1,1,4,4,1,2,2,2,2,1,0
24,21,1,1,2,0,1,3,4,1,1,2,2,2,2,3,1
67,13,1,0,1,0,1,1,4,2,1,2,2,1,2,1,0
55,16,1,1,2,0,1,1,4,4,1,2,2,2,1,1,1
57,18,1,1,2,0,1,1,4,2,1,2,2,2,2,1,1
15,11,5,2,2,2,1,1,0,2,1,2,2,2,2,1,0
72,16,1,1,2,0,1,1,4,1,1,2,2,2,2,1,0
27,22,5,2,2,0,1,1,4,1,1,2,2,2,2,2,0
55,13,1,0,1,0,1,1,4,1,1,2,2,2,1,1,0
22,15,5,2,2,0,1,1,4,1,1,2,2,2,1,2,1
62,19,1,1,1,0,1,1,4,1,1,2,2,2,1,2,0
17,14,5,2,2,7,1,1,4,1,1,2,2,2,2,1,1
16,13,5,2,2,1,1,1,0,2,1,2,2,2,1,1,1
80,23,1,1,2,0,1,1,4,1,1,2,2,2,1,1,0
60,19,3,0,2,0,1,1,4,2,1,2,2,2,1,1,1
74,20,1,0,2,0,1,1,2,4,1,2,2,2,1,1,1
74,16,2,0,2,0,1,1,4,4,1,2,2,2,2,1,0
25,19,5,0,2,0,1,1,4,2,1,2,2,2,1,1,1
19,19,5,17,2,0,1,3,4,1,1,2,2,2,2,2,0
51,21,3,0,2,0,1,3,2,2,1,2,2,2,1,9,1
45,19,5,0,2,0,1,1,3,2,1,2,2,2,1,1,1
84,16,1,0,1,0,1,1,2,4,1,1,2,1,1,1,0
27,18,1,0,2,0,1,1,4,1,1,2,2,2,1,1,1
72,21,1,0,1,0,1,1,2,4,1,2,1,2,1,1,0
78,16,1,0,2,0,1,1,2,1,1,2,2,2,1,1,0
75,1,4,0,1,0,1,1,4,1,1,2,2,1,2,2,0
48,16,1,1,2,0,1,1,4,3,1,2,2,2,1,1,0
13,10,5,7,2,8,1,1,0,2,1,2,2,2,2,1,0
53,15,5,13,2,0,1,1,4,1,1,2,2,2,2,2,0
21,16,5,2,2,0,1,1,4,1,1,2,2,2,2,2,0
80,16,1,0,2,0,1,1,2,4,1,2,2,2,1,1,0
49,11,2,0,2,0,1,3,4,4,1,2,2,2,2,1,1
73,19,3,0,2,0,1,1,4,4,1,2,2,2,2,1,0
33,19,1,0,2,0,1,1,4,2,1,2,2,2,2,9,1
2,0,5,2,2,2,1,1,0,4,1,2,2,0,2,6,0
93,13,2,16,1,0,1,1,4,4,1,1,2,1,2,1,0
16,13,5,7,2,7,1,1,0,1,1,2,2,2,2,2,0
86,9,5,10,1,0,1,1,4,4,1,1,2,1,2,2,0
56,12,3,0,1,0,1,1,4,4,1,1,2,2,1,1,1
78,22,1,0,1,0,1,1,4,1,1,2,2,2,1,1,0
65,21,1,1,2,0,1,1,4,2,1,2,2,2,2,1,0
48,20,3,0,2,0,1,1,2,1,1,2,2,2,1,2,1
67,16,1,0,2,0,1,1,4,4,1,2,2,2,2,2,0
29,19,5,16,2,0,1,3,4,1,1,2,2,2,2,2,0
31,19,5,7,2,0,1,1,4,4,1,2,2,2,2,2,1
44,19,1,16,2,0,1,3,4,1,1,2,2,2,1,1,0
31,23,1,0,2,0,1,1,4,1,1,2,2,2,2,1,1
49,18,1,1,2,0,1,1,4,1,1,2,2,2,2,1,1
41,22,4,0,2,0,1,1,4,2,1,2,2,2,2,1,1
10,7,5,2,2,1,1,1,0,4,1,2,2,2,1,1,0
78,20,1,1,2,0,1,3,4,1,1,2,2,2,2,1,0
22,19,5,3,2,0,1,1,4,4,1,2,2,2,2,2,1
21,16,5,4,2,0,5,1,4,1,2,2,2,2,1,6,1
79,16,1,0,1,0,1,1,4,1,1,1,2,2,1,1,0
24,18,5,4,2,0,1,1,4,2,1,2,2,2,2,1,1
34,18,3,2,2,0,1,3,4,1,1,2,2,2,2,1,1
54,20,1,1,2,0,1,1,2,4,1,2,2,2,2,8,1
23,21,5,0,2,0,1,3,4,1,1,2,2,2,2,8,1
14,11,5,2,2,8,1,1,0,1,1,2,2,2,2,2,0
2,0,5,2,2,5,1,1,0,1,1,2,2,0,2,1,0
59,16,1,0,2,0,1,1,4,1,1,2,2,2,2,2,1
64,22,1,1,2,0,1,1,4,2,1,2,2,2,2,2,0
15,12,5,2,2,1,1,1,0,1,1,2,2,2,1,1,0
39,17,1,0,2,0,1,1,4,1,1,2,2,2,2,1,1
77,19,2,0,2,0,1,1,4,1,1,2,2,2,2,1,0
35,21,1,1,2,0,1,1,4,1,1,2,2,2,2,1,1
46,18,3,0,2,0,1,1,4,1,1,2,2,2,2,1,0
60,17,1,1,2,0,1,1,4,1,1,2,2,2,2,2,1
28,15,5,3,2,0,1,1,4,1,1,2,2,2,2,1,1
38,14,5,16,1,0,1,1,4,4,1,2,2,1,1,1,0
4,1,5,2,2,1,1,1,0,1,1,2,2,0,1,1,0
71,17,2,0,1,0,1,1,4,1,1,2,2,2,2,2,0
62,16,1,1,2,0,1,1,4,1,1,2,2,2,2,1,0
25,21,5,2,2,0,1,1,4,1,1,2,2,2,2,2,1
21,16,5,2,2,0,1,1,4,1,1,2,2,2,2,2,1
17,13,5,3,2,8,1,1,4,4,1,2,2,2,2,2,0
23,16,5,0,2,0,2,1,4,4,1,2,2,2,1,1,0
93,17,2,0,1,0,1,1,2,1,1,1,1,2,1,1,0
31,19,5,2,2,0,1,3,4,2,1,2,2,2,2,1,1
59,20,5,0,2,0,1,1,4,1,1,2,2,2,1,2,1
15,12,5,2,2,1,1,1,0,1,1,2,2,2,2,1,0
34,19,1,1,2,0,1,1,4,4,1,2,2,2,2,1,1
11,8,5,3,2,3,3,1,0,1,1,2,2,2,1,1,0
28,16,5,13,2,0,1,1,4,1,1,2,2,2,1,2,1
32,15,1,12,2,0,1,3,4,4,1,2,2,2,2,1,1
45,16,5,0,2,0,1,1,4,1,1,2,2,2,1,1,1
65,16,1,1,2,0,1,1,4,3,1,2,2,2,2,1,0
22,19,5,0,2,0,1,3,4,1,1,2,2,2,1,1,1
57,21,1,1,2,0,1,1,4,1,1,2,2,2,1,1,1
49,20,3,0,2,0,1,1,4,1,1,2,2,2,1,1,1
53,19,1,16,2,0,1,1,4,2,1,2,2,2,1,2,0
81,16,2,0,1,0,1,1,4,2,1,1,2,2,2,1,0
42,20,2,0,2,0,1,1,4,1,1,2,2,2,2,1,1
82,15,2,0,2,0,1,3,2,1,1,2,2,2,2,1,0
69,16,3,0,2,0,1,1,4,1,1,2,2,2,2,1,0
11,7,5,4,2,1,1,1,0,1,1,2,2,2,2,1,0
56,19,1,0,2,0,1,1,2,1,1,2,2,2,1,1,1
52,21,1,0,2,0,1,1,2,1,1,2,2,2,1,2,1
30,19,1,17,2,0,1,3,4,1,1,2,2,2,1,2,0
31,12,5,0,2,0,1,1,4,1,1,2,2,2,1,1,0
19,16,5,2,2,0,1,1,4,4,1,2,2,2,1,1,0
32,19,1,0,2,0,1,1,2,1,1,2,2,2,1,1,1
5,3,5,2,2,7,1,1,0,4,1,2,2,2,2,2,0
61,22,3,0,2,0,1,1,2,1,1,2,2,2,2,1,1
36,21,1,1,2,0,1,1,4,4,1,2,2,2,1,1,1
93,21,2,16,1,0,1,1,4,4,1,2,2,1,2,2,0
64,19,5,16,1,0,1,1,4,1,1,1,1,1,2,1,0
71,16,5,0,2,0,1,1,4,4,1,2,2,2,2,1,0
64,20,1,1,2,0,1,1,4,1,1,2,2,2,2,1,0
13,9,5,2,2,1,1,1,0,4,1,2,2,2,1,1,0
51,11,1,1,1,0,1,1,4,1,1,2,2,1,2,1,0
68,21,1,0,1,0,1,1,3,1,1,1,2,2,1,1,1
6,3,5,7,2,5,1,1,0,1,1,2,2,2,1,2,0
46,17,3,0,2,0,1,1,4,1,1,2,2,2,1,2,1
37,21,1,0,2,0,1,1,4,2,1,2,2,2,2,1,1
56,20,1,0,2,0,1,1,3,1,1,2,2,2,1,1,1
7,5,5,7,2,5,1,1,0,1,1,2,2,2,2,1,0
36,21,1,0,2,0,1,1,4,1,1,2,2,2,2,2,1
59,19,1,0,2,0,1,1,4,1,1,2,2,2,1,1,1
52,19,5,0,2,0,1,1,4,2,1,2,2,2,2,2,1
55,22,1,1,1,0,1,3,4,1,1,2,2,1,2,3,0
27,20,1,0,2,0,1,3,4,1,1,2,2,2,2,1,1
6,1,5,7,2,0,1,1,0,1,1,2,2,2,1,2,0
59,21,1,0,2,0,1,1,4,1,1,2,2,2,1,1,1
70,17,1,1,1,0,1,1,4,1,1,2,2,2,2,1,0
4,2,5,2,2,2,1,1,0,4,1,2,2,0,2,1,0
33,14,5,16,2,0,1,3,4,1,1,2,2,2,1,2,0
0,0,5,2,2,1,1,0,0,2,1,2,2,0,1,1,0
37,19,4,0,2,0,1,1,4,2,1,2,2,2,2,2,1
62,21,1,0,1,0,1,3,4,2,1,2,2,1,2,1,0
68,20,1,0,2,0,4,1,2,1,2,2,2,2,1,1,0
6,3,5,2,2,2,1,1,0,1,1,2,2,2,2,1,0
45,16,1,1,2,0,1,1,4,1,1,2,2,2,1,3,1
51,13,1,0,2,0,1,1,4,1,1,2,2,2,1,1,1
22,21,5,0,2,0,1,3,4,1,1,2,2,2,1,1,1
40,21,1,0,2,0,1,1,4,4,1,2,2,2,1,1,1
10,6,5,2,2,7,1,1,0,1,1,2,2,2,1,2,0
15,11,5,10,2,7,1,1,0,4,1,2,2,2,1,1,0
66,16,1,0,2,0,1,1,4,4,1,2,2,2,1,1,0
40,22,5,0,2,0,1,1,4,1,1,2,2,2,2,1,1
65,17,3,0,1,0,1,3,4,4,1,2,2,1,1,1,0
12,9,5,2,2,1,1,1,0,4,1,2,2,2,1,1,0
68,19,2,0,2,0,1,1,4,1,1,2,2,2,2,1,0
42,20,3,13,2,0,1,1,4,4,1,2,2,2,1,1,1
66,16,1,0,2,0,1,1,2,2,1,2,2,2,1,1,0
49,19,1,0,1,0,1,1,4,1,1,2,2,2,1,1,0
81,1,3,0,2,0,4,1,4,1,2,2,2,2,2,1,0
34,19,3,13,2,0,1,1,2,2,1,2,2,2,1,1,1
29,17,4,17,2,0,1,3,4,1,1,2,2,2,2,1,0
30,16,5,0,2,0,1,1,4,1,1,2,2,2,2,2,1
53,15,5,0,1,0,1,3,4,4,1,2,2,1,1,2,0
40,20,1,1,1,0,1,1,4,4,1,1,2,2,2,1,0
70,17,1,1,1,0,1,1,4,2,1,1,2,2,2,1,0
47,21,1,0,1,0,1,3,2,2,1,1,2,2,1,9,1
49,16,4,0,2,0,1,1,4,1,1,2,2,2,1,1,1
47,19,3,12,2,0,1,1,4,1,1,2,2,2,2,1,1
32,24,1,0,2,0,1,1,4,2,1,2,2,2,2,1,1
48,20,4,0,2,0,1,1,4,1,1,2,2,2,2,2,1
12,9,5,7,2,0,1,1,0,1,1,2,2,2,2,2,0
60,20,1,0,2,0,1,1,2,4,1,2,2,2,1,1,1
71,19,1,0,1,0,1,1,4,2,1,1,2,2,2,1,0
21,19,5,17,2,0,1,1,4,1,1,2,2,2,1,1,1
7,4,5,7,2,0,1,1,0,1,1,2,2,2,2,2,0
16,13,5,2,2,3,1,1,0,1,1,2,2,2,1,2,0
74,21,1,0,2,0,1,1,3,1,1,2,2,2,1,1,0
65,16,1,1,1,0,1,1,3,1,1,1,2,2,1,1,0
40,19,1,0,2,0,1,1,4,1,1,2,2,2,2,1,1
67,16,3,0,1,0,1,1,2,1,1,1,2,2,1,1,0
21,16,1,0,2,0,1,1,4,1,1,2,2,2,1,2,1
48,21,3,0,2,0,1,1,4,2,1,2,2,2,1,1,1
6,3,5,2,2,2,1,1,0,1,1,2,2,2,1,6,0
13,10,5,2,2,1,1,1,0,1,1,2,2,2,2,1,0
68,16,3,0,2,0,1,1,4,1,1,2,2,2,2,1,1
56,20,1,0,2,0,1,1,4,2,1,2,2,2,2,1,1
0,0,5,7,2,8,1,0,0,2,1,2,2,0,1,1,0
44,13,3,16,2,0,1,1,4,1,1,2,2,2,1,2,0
13,10,5,2,2,7,1,1,0,2,1,2,2,2,2,1,0
55,16,4,6,1,0,1,3,4,1,1,2,2,2,2,2,1
4,2,5,2,2,1,1,1,0,4,1,2,2,0,1,2,0
58,17,1,1,2,0,1,1,4,1,1,2,2,2,2,1,1
63,15,3,0,2,0,1,1,4,4,1,2,2,2,2,1,1
74,16,1,1,1,0,1,1,4,4,1,2,2,2,2,1,0
14,11,5,2,2,2,1,1,0,1,1,2,2,2,1,1,0
65,20,1,0,2,0,1,3,2,1,1,2,2,2,1,1,0
72,22,1,1,2,0,1,1,4,1,1,2,2,2,2,1,0
28,16,1,0,2,0,1,1,4,1,1,2,2,2,2,3,0
77,21,1,1,2,0,1,1,4,1,1,2,2,2,1,1,0
78,14,1,1,1,0,1,1,4,1,1,2,2,2,2,1,0
33,21,1,1,2,0,1,1,4,2,1,2,2,2,2,1,1
47,22,1,0,2,0,1,1,4,4,1,2,2,2,2,1,0
55,19,1,0,1,0,1,1,4,1,1,1,2,2,1,1,0
76,16,2,0,1,0,1,1,4,1,1,2,2,1,2,1,0
57,20,3,0,1,0,1,1,4,1,1,1,2,2,2,2,1
25,17,5,2,2,0,1,3,4,1,1,2,2,2,1,1,1
78,20,1,1,1,0,1,1,4,1,1,2,2,2,2,1,0
42,19,3,0,2,0,1,1,4,2,1,2,2,2,1,9,1
61,18,1,0,2,0,1,1,4,4,1,2,2,2,2,1,1
10,7,5,2,2,8,1,1,0,4,1,2,2,2,1,2,0
31,19,1,0,2,0,1,1,2,1,1,2,2,2,1,1,1
36,22,1,0,2,0,1,1,4,1,1,2,2,2,2,2,1
28,16,1,1,2,0,1,1,4,1,1,2,2,2,2,1,0
52,24,3,0,2,0,1,1,4,3,1,2,2,2,2,1,1
49,22,1,0,2,0,1,1,4,2,1,2,2,2,2,1,1
56,16,3,15,2,0,1,3,4,1,1,2,2,2,2,1,1
52,20,1,0,2,0,1,1,4,1,1,2,2,2,1,1,1
18,16,5,11,2,0,1,3,4,1,1,2,2,2,2,1,0
20,19,5,0,2,0,1,1,4,4,1,2,2,2,1,2,1
6,3,5,10,2,7,1,1,0,4,1,2,2,2,1,2,0
17,14,5,3,2,1,4,1,4,4,2,2,2,2,1,1,1
68,18,1,1,2,0,1,1,4,1,1,2,2,2,2,2,0
42,19,5,0,2,0,1,1,4,1,1,2,2,2,2,2,1
82,18,1,0,2,0,1,1,4,1,1,2,2,2,1,1,0
43,22,1,0,2,0,1,1,4,1,1,2,2,2,2,1,1
2,0,5,2,2,2,1,1,0,2,1,2,2,0,2,1,0
71,17,1,1,2,0,1,1,4,1,1,2,2,2,2,1,1
49,19,1,0,2,0,1,1,4,4,1,2,2,2,2,1,1
5,1,5,2,2,7,5,1,0,1,2,2,2,2,2,8,0
8,5,5,2,2,8,1,1,0,4,1,2,2,2,2,1,0
49,18,3,13,1,0,1,1,4,1,1,2,2,1,2,1,0
73,23,3,0,2,0,1,1,4,1,1,2,2,2,2,2,0
17,14,5,2,2,1,1,1,4,3,1,2,2,2,2,1,0
45,19,2,0,2,0,1,3,4,1,1,2,2,2,2,2,0
73,11,1,1,2,0,1,1,2,1,1,2,2,2,1,1,1
25,21,5,0,2,0,1,3,4,1,1,2,2,2,2,2,1
6,4,5,2,2,8,1,1,0,1,1,2,2,2,1,2,0
57,21,3,0,2,0,1,1,4,1,1,2,2,2,1,1,1
73,21,2,0,2,0,1,1,4,1,1,2,2,2,1,1,0
48,16,3,0,2,0,1,1,4,1,1,2,2,2,1,2,0
50,20,1,0,2,0,4,1,4,1,2,2,2,2,2,1,1
50,19,1,1,2,0,1,1,4,4,1,2,2,2,2,1,1
0,0,5,2,2,1,1,0,0,1,1,2,2,0,1,1,0
66,17,1,1,2,0,1,1,2,2,1,2,2,2,1,1,1
67,16,5,0,1,0,1,1,2,1,1,1,1,2,1,2,0
67,16,1,1,2,0,1,1,4,2,1,2,2,2,2,1,1
93,16,5,16,1,0,1,1,4,1,1,2,2,1,2,2,0
79,22,1,1,1,0,1,1,4,4,1,1,2,2,1,1,1
1,0,5,2,2,2,1,1,0,1,1,2,2,0,2,1,0
86,11,2,0,2,0,1,1,4,1,1,2,2,2,2,2,0
34,22,1,9,2,0,1,3,4,1,1,2,2,2,1,1,1
58,19,5,0,2,0,1,1,4,1,1,2,2,2,1,2,1
13,11,5,2,2,7,1,1,0,2,1,2,2,2,2,2,0
56,21,3,0,2,0,1,1,4,1,1,2,2,2,2,1,1
2,0,5,2,2,8,1,1,0,1,1,2,2,0,2,2,0
50,21,1,1,2,0,1,1,4,4,1,2,2,2,2,1,1
30,21,1,1,2,0,1,1,4,2,1,2,2,2,2,1,0
7,4,5,3,2,5,1,1,0,1,1,2,2,2,1,1,0
15,11,5,2,2,1,1,1,0,2,1,2,2,2,2,1,0
62,19,1,1,1,0,1,1,4,1,1,2,2,2,2,1,0
46,21,1,0,2,0,1,1,4,2,1,2,2,2,1,1,1
60,19,1,1,2,0,1,3,4,4,1,2,2,2,1,1,1
17,14,5,2,2,7,1,1,4,4,1,2,2,2,2,1,0
85,21,2,0,1,0,1,1,4,4,1,1,2,2,2,1,0
73,19,5,11,2,0,1,1,4,4,1,2,2,2,1,2,0
60,20,1,1,2,0,1,1,4,3,1,2,2,2,2,1,0
8,5,5,2,2,1,1,1,0,1,1,2,2,2,1,1,0
68,16,1,1,2,0,1,1,4,1,1,2,2,2,2,1,1
32,18,3,2,2,0,1,1,2,1,1,2,2,2,1,1,1
38,16,1,1,2,0,1,1,4,1,1,2,2,2,2,1,0
61,16,1,1,2,0,1,1,4,1,1,2,2,2,1,1,1
64,21,3,16,1,0,1,1,4,2,1,2,2,2,1,2,0
60,15,1,0,1,0,1,1,4,2,1,1,1,2,1,1,0
29,21,1,0,2,0,1,1,4,4,1,2,2,2,2,1,1
23,20,5,0,2,0,1,1,4,4,1,2,2,2,2,1,1
16,13,5,3,2,1,1,1,0,4,1,2,2,2,2,9,0
21,19,5,5,1,0,1,1,4,2,1,2,2,1,1,2,0
9,6,5,2,1,8,1,1,0,3,1,1,2,2,2,1,0
59,17,1,1,2,0,1,1,4,1,1,2,2,2,1,1,1
26,18,1,1,2,0,1,1,4,1,1,2,2,2,1,2,1
11,7,5,2,2,7,1,1,0,1,1,2,2,2,2,2,0
55,16,1,0,2,0,1,1,4,2,1,2,2,2,2,1,1
42,21,5,0,2,0,1,1,4,1,1,2,2,2,1,1,1
35,13,5,16,2,0,1,3,4,1,1,2,2,2,1,2,0
15,10,5,2,2,7,1,3,0,1,1,2,2,2,1,2,0
22,16,5,0,2,0,1,1,4,1,1,2,2,2,1,2,1
9,7,5,2,2,1,1,1,0,4,1,2,2,2,2,1,0
36,20,1,1,2,0,1,1,4,1,1,2,2,2,2,1,0
13,10,5,15,2,0,1,3,0,4,1,2,2,2,1,1,0
64,16,5,17,1,0,1,1,4,1,1,2,2,1,2,1,0
53,16,1,2,1,0,1,1,4,2,1,2,2,1,1,1,1
77,17,1,1,1,0,1,1,4,1,1,1,2,2,2,1,0
59,1,5,17,1,0,1,1,4,4,1,2,2,1,1,1,0
79,20,2,0,2,0,1,1,4,1,1,2,2,2,2,2,0
67,16,2,0,2,0,1,1,4,1,1,2,2,2,2,2,0
55,17,1,0,2,0,1,1,4,3,1,2,2,2,1,1,1
57,14,1,1,1,0,1,1,4,1,1,2,1,2,1,1,1
43,17,4,0,1,0,1,1,4,4,1,2,2,2,2,2,0
61,16,2,0,2,0,1,1,4,4,1,2,2,2,1,2,1
48,16,1,1,2,0,1,1,2,1,1,2,2,2,2,2,1
19,16,5,16,2,0,1,3,4,1,1,2,2,2,1,2,0
30,19,1,0,2,0,1,1,4,3,1,2,2,2,1,1,0
33,22,1,0,2,0,1,1,2,1,1,2,2,2,1,1,1
53,13,5,2,2,0,1,1,4,1,1,2,2,2,1,1,0
61,16,1,0,2,0,1,1,4,1,1,2,2,2,1,1,1
54,19,5,0,1,0,1,1,4,1,1,1,2,1,2,1,0
4,2,5,2,2,2,1,1,0,1,1,2,2,0,1,1,0
39,20,1,0,2,0,1,3,4,1,1,2,2,2,2,1,1
64,18,3,0,2,0,1,1,4,1,1,2,2,2,1,1,1
61,10,1,0,1,0,1,1,4,3,1,2,1,1,1,1,0
33,20,3,17,2,0,1,3,4,2,1,2,2,2,2,1,0
72,22,3,0,2,0,1,1,3,1,1,2,2,2,1,1,0
0,0,5,2,2,1,1,0,0,1,1,2,2,0,1,1,0
39,16,1,0,2,0,1,1,4,2,1,2,2,2,1,1,1
2,0,5,2,2,1,1,1,0,1,1,2,2,0,1,1,0
79,24,3,0,2,0,2,1,3,1,1,2,2,2,1,1,1
25,18,5,15,2,0,5,2,4,4,2,2,2,2,2,1,1
35,20,5,2,1,0,1,3,2,1,1,2,2,1,1,1,1
62,17,1,1,1,0,1,1,4,2,1,2,1,2,2,1,0
71,22,1,0,2,0,1,1,4,1,1,2,2,2,2,1,0
66,20,1,1,1,0,1,1,4,1,1,2,1,1,2,1,0
52,16,1,0,1,0,1,1,4,4,1,2,2,1,1,1,0
11,8,5,2,2,4,1,1,0,1,1,2,2,2,1,3,0
52,20,2,0,2,0,1,1,4,1,1,2,2,2,2,1,1
12,9,5,7,2,1,1,1,0,2,1,2,2,2,1,1,0
66,20,1,0,2,0,1,1,2,1,1,2,2,2,1,1,0
46,14,1,1,1,0,1,1,4,4,1,2,2,2,2,1,0
11,7,5,2,2,1,1,1,0,2,1,2,2,2,2,1,0
7,4,5,2,2,1,1,1,0,1,1,2,2,2,1,1,0
9,5,5,2,2,7,1,1,0,4,1,2,2,2,1,1,0
25,16,5,7,2,0,1,1,4,1,1,2,2,2,1,2,0
15,13,5,2,2,1,1,1,0,1,1,2,2,2,2,2,0
18,16,5,2,2,0,1,1,4,1,1,2,2,2,1,2,0
23,12,1,0,2,0,1,3,4,4,1,2,2,2,2,1,0
43,19,3,17,1,0,1,3,4,1,1,1,2,1,2,1,0
68,18,1,0,2,0,1,1,2,1,1,2,2,2,1,1,1
9,5,5,2,2,1,1,1,0,3,1,2,2,2,1,1,0
35,22,5,0,2,0,1,1,4,1,1,2,2,2,1,1,1
54,19,1,0,2,0,1,1,4,4,1,2,2,2,1,1,1
67,19,1,1,2,0,1,1,4,1,1,2,2,2,1,1,0
48,21,5,2,2,0,1,1,4,1,1,2,2,2,2,2,1
64,19,5,0,2,0,1,1,4,2,1,2,2,2,2,2,0
58,18,1,1,2,0,1,1,4,1,1,2,2,2,2,1,1
39,14,1,1,2,0,1,1,4,1,1,2,2,2,2,1,1
55,21,1,0,1,0,1,1,4,1,1,2,2,2,2,1,0
54,16,5,5,2,0,1,1,4,1,1,2,2,2,1,2,1
33,20,1,1,2,0,1,1,4,2,1,2,2,2,2,1,0
55,17,1,1,1,0,1,1,4,1,1,2,2,2,2,1,1
69,21,1,0,2,0,3,1,2,1,1,2,2,2,1,1,0
93,16,2,0,1,0,1,1,4,4,1,2,1,1,2,1,0
20,19,5,11,2,0,3,3,4,1,1,2,2,2,2,6,1
72,15,3,0,1,0,1,1,4,1,1,2,2,1,2,2,0
9,6,5,2,2,7,1,3,0,4,1,2,2,2,1,2,0
24,20,5,0,2,0,1,3,4,1,1,2,2,2,2,1,1
7,4,5,2,2,1,1,1,0,4,1,2,2,2,2,1,0
15,12,5,4,2,1,1,1,0,1,1,2,2,2,2,1,0
16,13,5,2,2,1,1,1,0,4,1,2,2,2,1,1,0
32,20,1,3,2,0,1,1,4,4,1,2,2,2,2,1,0
13,11,5,2,2,1,1,1,0,1,1,2,2,2,2,1,0
2,0,5,2,2,7,1,1,0,1,1,2,2,0,2,9,0
57,19,1,1,2,0,1,1,4,1,1,2,2,2,2,1,0
22,19,5,12,2,0,1,3,4,4,1,2,2,2,2,1,1
15,12,5,2,2,2,1,3,0,1,1,2,2,2,1,1,0
49,19,1,1,2,0,1,1,4,4,1,2,2,2,2,1,1
42,21,1,0,2,0,1,1,4,3,1,2,2,2,2,1,1
93,16,2,8,1,0,1,1,4,1,1,2,2,2,2,1,0
72,21,5,5,2,0,1,1,4,1,1,2,2,2,2,1,0
67,22,5,0,2,0,1,1,4,1,1,2,2,2,1,2,1
12,8,5,2,2,1,1,1,0,1,1,2,2,2,1,1,0
48,16,3,0,2,0,1,1,4,2,1,2,2,2,2,1,0
16,13,5,2,2,7,1,1,0,4,1,2,2,2,2,9,0
72,20,1,1,2,0,1,3,4,4,1,2,2,2,2,1,0
53,21,1,0,2,0,1,3,4,2,1,2,2,2,2,1,1
12,9,5,2,2,7,1,1,0,1,1,2,2,2,2,2,0
48,16,1,1,2,0,1,1,4,2,1,2,2,2,1,1,1
61,9,1,0,1,0,1,1,4,4,1,2,2,2,1,1,0
31,20,5,0,2,0,1,1,4,1,1,2,2,2,1,1,1
77,19,3,0,2,0,1,1,4,2,1,2,2,2,2,1,0
16,13,5,2,2,2,1,1,0,4,1,2,2,2,1,1,0
57,20,2,0,1,0,1,1,4,1,1,2,2,2,2,1,1
44,22,1,0,2,0,1,1,4,1,1,2,2,2,1,1,1
11,7,5,2,1,6,1,1,0,4,1,2,1,2,1,2,0
65,16,1,1,2,0,4,1,4,2,2,2,2,2,2,6,0
37,19,1,1,2,0,4,1,4,1,2,2,2,2,1,1,1
35,22,5,2,1,0,1,1,4,1,1,2,2,1,1,1,0
24,21,5,0,2,0,1,1,4,2,1,2,2,2,1,1,1
7,4,5,3,2,4,1,1,0,1,1,2,2,2,1,1,0
37,20,5,2,2,0,1,1,4,1,1,2,2,2,1,1,1
27,17,5,0,2,0,1,3,4,4,1,2,2,2,1,1,1
2,0,5,2,2,1,1,1,0,2,1,2,2,0,1,1,0
66,19,1,1,2,0,1,1,4,1,1,2,2,2,2,2,0
47,16,4,16,1,0,1,3,4,1,1,2,1,2,1,2,0
10,6,5,2,2,1,1,1,0,4,1,2,2,2,1,1,0
25,21,5,2,2,0,1,1,4,1,1,2,2,2,2,2,1
46,21,1,1,2,0,1,3,4,2,1,2,2,2,1,1,1
43,19,1,0,1,0,1,3,4,1,1,2,2,1,2,2,0
12,9,5,2,2,1,1,1,0,1,1,2,2,2,1,1,0
41,19,3,15,2,0,1,3,4,1,1,2,2,2,1,1,0
55,14,5,11,1,0,1,1,4,1,1,2,2,2,1,1,0
20,16,5,3,2,0,1,1,4,4,1,2,2,2,1,1,0
49,16,1,0,2,0,1,1,2,4,1,2,2,2,1,1,1
59,22,5,12,2,0,1,1,4,2,1,2,2,2,2,1,1
48,22,1,0,2,0,1,1,4,1,1,2,2,2,2,1,1
63,20,1,1,2,0,1,1,4,2,1,2,2,2,2,1,0
93,12,2,0,1,0,1,1,4,1,1,2,2,1,2,1,0
58,20,4,0,1,0,1,1,4,1,1,2,1,2,1,2,0
22,16,5,13,2,0,1,1,4,4,1,2,2,2,1,1,1
55,16,1,0,2,0,1,1,4,2,1,2,2,2,2,1,1
51,16,1,1,2,0,1,1,4,4,1,2,2,2,1,2,1
4,1,5,7,2,0,1,1,0,1,1,2,2,0,1,1,0
19,19,5,15,2,0,1,1,4,1,1,2,2,2,2,3,0
40,17,1,1,1,0,1,1,2,1,1,2,2,2,1,1,0
36,17,5,2,2,0,1,1,4,1,1,2,2,2,2,2,1
27,21,1,0,2,0,1,3,4,1,1,2,2,2,1,1,1
23,18,5,16,2,0,1,1,4,1,1,2,2,2,1,2,0
15,9,5,2,2,5,1,1,0,1,1,2,2,2,1,1,0
40,20,1,0,2,0,1,1,4,4,1,2,2,2,2,2,1
60,16,2,6,2,0,1,1,2,1,1,2,2,2,1,1,0
21,16,5,2,2,0,1,1,4,1,1,2,2,2,1,1,1
52,21,1,1,2,0,4,1,4,1,2,2,2,2,2,6,0
9,7,5,7,2,1,1,1,0,2,1,2,2,2,1,1,0
34,19,5,13,2,0,1,1,4,1,1,2,2,2,2,1,0
58,16,3,0,2,0,1,1,4,1,1,2,2,2,2,2,1
87,19,1,0,1,0,1,1,2,1,1,2,2,2,1,1,0
0,0,5,2,2,7,1,0,0,1,1,2,2,0,1,1,0
60,19,1,1,2,0,1,1,4,3,1,2,2,2,1,1,1
52,19,1,0,2,0,1,1,4,1,1,2,2,2,1,1,1
89,16,2,0,1,0,1,1,4,1,1,2,2,2,2,1,0
74,13,1,1,2,0,1,1,2,4,1,2,2,2,1,1,0
66,21,1,0,2,0,1,1,4,4,1,2,2,2,1,1,0
76,19,2,0,2,0,1,1,4,2,1,2,2,2,2,1,0
59,20,1,0,2,0,1,1,4,2,1,2,2,2,1,1,1
79,16,2,0,1,0,1,1,4,4,1,1,2,2,2,1,0
84,16,2,0,1,0,1,1,4,1,1,1,1,1,2,1,0
23,14,5,2,2,0,1,1,4,4,1,2,2,2,1,2,1
21,16,5,4,2,0,1,1,4,1,1,2,2,2,1,1,1
7,3,5,2,2,2,1,1,0,2,1,2,2,2,1,1,0
58,12,1,1,2,0,1,1,4,4,1,2,2,2,1,1,1
61,19,1,1,1,0,1,1,4,2,1,1,2,2,2,1,1
59,13,1,1,1,0,1,1,4,1,1,2,2,2,2,1,0
74,16,1,1,1,0,1,1,4,2,1,2,1,2,2,9,0
16,13,5,2,2,5,1,1,0,2,1,2,2,2,2,1,0
22,16,1,10,2,0,1,1,4,1,1,2,2,2,2,1,1
22,21,1,1,2,0,1,1,4,4,1,2,2,2,2,1,0
45,20,1,0,1,0,1,1,4,1,1,2,2,1,2,2,1
45,16,1,1,1,0,1,1,4,1,1,2,2,2,2,2,0
18,19,5,7,2,0,1,1,4,1,1,2,2,2,1,2,0
59,21,4,0,2,0,1,1,4,1,1,2,2,2,2,2,0
10,7,5,2,2,7,1,3,0,1,1,2,2,2,2,2,0
56,21,1,0,2,0,1,1,4,1,1,2,2,2,1,1,1
23,16,5,4,2,0,1,3,4,4,1,2,2,2,2,1,0
16,13,5,16,2,0,1,3,0,1,1,2,2,2,2,2,0
64,16,1,1,2,0,1,1,4,4,1,2,2,2,2,1,0
71,19,3,0,1,0,1,1,2,2,1,1,2,2,1,1,0
58,17,3,10,1,0,1,1,4,2,1,2,2,1,2,1,0
46,21,3,0,2,0,1,1,4,1,1,2,2,2,2,2,1
46,16,5,2,1,0,1,1,4,1,1,1,2,1,1,1,0
39,17,5,17,2,0,1,1,4,1,1,2,2,2,2,2,1
17,14,5,2,2,7,1,1,4,1,1,2,2,2,1,2,0
32,11,1,9,1,0,1,1,4,1,1,1,2,2,1,1,1
77,16,2,0,1,0,1,1,4,1,1,2,2,2,2,1,0
37,19,5,2,2,0,3,1,2,2,1,2,2,2,1,1,0
18,14,5,7,2,0,1,3,4,1,1,2,2,2,2,1,0
76,16,1,1,2,0,1,1,4,1,1,2,2,2,2,1,0
11,9,5,2,2,7,1,1,0,1,1,2,2,2,2,1,0
26,21,1,1,2,0,1,3,4,1,1,2,2,2,2,2,1
43,16,5,17,1,0,1,1,4,1,1,2,1,2,1,9,0
74,20,3,0,2,0,1,1,4,4,1,2,2,2,1,1,1
50,14,5,12,1,0,1,3,3,4,1,2,2,1,1,2,0
17,13,5,2,2,8,1,1,4,4,1,2,2,2,2,1,0
67,21,3,0,1,0,1,1,4,1,1,2,1,2,1,1,0
20,16,5,7,2,0,1,3,4,1,1,2,2,2,2,1,1
47,19,5,2,2,0,1,1,4,1,1,2,2,2,2,2,1
14,11,5,4,2,3,1,1,0,1,1,2,2,2,1,6,0
52,17,1,0,2,0,1,1,4,4,1,2,2,2,1,1,1
65,17,3,0,2,0,1,1,4,1,1,2,2,2,1,1,0
61,16,1,0,2,0,1,1,4,1,1,2,2,2,1,3,0
48,16,1,0,1,0,1,1,4,4,1,1,1,1,2,1,0
11,8,5,2,2,2,1,1,0,4,1,2,2,2,2,1,0
36,19,1,1,2,0,1,1,4,1,1,2,2,2,1,1,1
47,19,1,1,2,0,1,1,4,2,1,2,2,2,2,1,0
38,12,1,1,2,0,5,1,4,1,2,2,2,2,2,6,0
18,16,5,17,2,0,1,3,4,4,1,2,2,2,1,2,0
50,21,1,1,2,0,1,1,4,4,1,2,2,2,1,1,1
28,17,5,2,2,0,1,1,2,4,1,2,2,2,1,1,0
59,20,2,0,1,0,1,1,4,1,1,2,1,2,1,2,0
50,16,3,0,2,0,1,1,4,1,1,2,2,2,2,1,0
13,9,5,2,2,5,1,1,0,1,1,2,2,2,1,2,0
36,21,5,0,2,0,1,1,4,2,1,2,2,2,1,1,1
35,19,1,0,2,0,3,1,4,1,1,2,2,2,1,2,1
31,19,3,13,2,0,1,1,2,4,1,2,2,2,1,9,1
38,22,5,0,2,0,1,1,4,2,1,2,2,2,2,1,1
70,18,1,0,2,0,1,1,2,2,1,2,2,2,1,1,0
28,21,1,2,2,0,1,3,4,1,1,2,2,2,1,2,1
47,16,1,1,2,0,1,1,4,3,1,2,2,2,1,1,1
10,7,5,3,2,1,1,3,0,1,1,2,2,2,1,1,0
32,20,1,0,2,0,1,1,4,4,1,2,2,2,1,1,1
51,23,1,0,2,0,1,1,4,3,1,2,2,2,2,1,1
28,15,5,2,2,0,5,1,4,1,2,2,2,2,2,8,1
8,5,5,2,2,2,1,1,0,1,1,2,2,2,2,1,0
18,18,5,17,2,0,1,3,4,2,1,2,2,2,2,1,0
9,5,5,2,2,1,1,1,0,1,1,2,2,2,1,1,0
89,13,3,16,1,0,1,1,4,1,1,1,2,2,2,1,0
79,13,3,0,1,0,1,1,4,1,1,2,2,2,2,1,0
50,21,1,0,2,0,1,1,4,2,1,2,2,2,1,1,1
5,1,5,2,2,7,1,3,0,1,1,2,2,2,1,1,0
14,11,5,2,2,2,1,1,0,1,1,2,2,2,2,2,0
45,19,1,0,2,0,1,1,4,1,1,2,2,2,1,2,1
21,19,5,0,2,0,1,1,4,2,1,2,2,2,2,1,0
14,11,5,2,2,7,1,1,0,1,1,2,2,2,2,2,0
69,18,1,0,2,0,1,1,4,4,1,2,2,2,1,1,0
0,0,5,2,2,7,1,0,0,1,1,2,2,0,2,2,0
75,16,1,0,2,0,1,1,2,4,1,2,2,2,1,1,0
60,16,2,0,1,0,1,3,4,2,1,2,1,2,2,2,0
17,13,5,2,2,1,1,1,4,1,1,2,2,2,1,1,0
55,16,1,1,2,0,1,1,4,1,1,2,2,2,1,1,1
51,16,1,1,2,0,1,1,4,1,1,2,2,2,2,1,0
68,18,1,0,1,0,1,1,2,1,1,2,2,2,1,1,0
6,3,5,14,2,0,1,1,0,4,1,2,2,2,1,1,0
57,16,5,0,2,0,1,1,4,1,1,2,2,2,2,2,0
65,1,5,10,1,0,1,1,4,2,1,2,1,1,2,1,0
37,22,1,0,2,0,1,1,4,2,1,2,2,2,2,1,1
78,16,2,0,2,0,1,1,4,1,1,2,2,2,2,1,0
14,11,5,2,2,3,1,1,0,1,1,2,2,2,2,1,0
71,17,1,1,1,0,1,1,2,4,1,1,2,1,1,1,0
56,16,1,1,2,0,1,1,4,1,1,2,2,2,2,1,1
48,20,3,2,2,0,1,1,4,1,1,2,2,2,2,1,1
77,18,2,0,1,0,1,1,4,1,1,2,2,2,2,1,1
48,15,3,0,2,0,1,1,4,1,1,2,2,2,2,2,1
47,21,5,0,1,0,1,3,2,1,1,2,1,2,1,1,0
60,22,1,0,2,0,1,1,4,2,1,2,2,2,2,9,0
19,19,5,2,2,0,1,1,4,4,1,2,2,2,2,1,1
8,4,5,7,2,0,1,1,0,1,1,2,2,2,1,1,0
62,17,1,0,1,0,1,1,2,1,1,2,2,2,1,1,0
7,4,5,2,2,1,1,1,0,4,1,2,2,2,1,1,0
29,20,5,0,2,0,1,1,4,4,1,2,2,2,2,1,1
23,19,5,17,2,0,1,1,4,1,1,2,2,2,1,1,0
25,18,5,0,2,0,1,1,4,1,1,2,2,2,2,2,0
61,19,1,0,2,0,1,1,4,2,1,2,2,2,2,1,0
6,3,5,2,2,8,1,1,0,4,1,2,2,2,2,2,0
5,2,5,2,2,2,1,1,0,1,1,2,2,2,1,1,0
20,19,5,17,2,0,1,1,4,1,1,2,2,2,2,2,0
2,0,5,7,2,5,1,1,0,4,1,2,2,0,2,2,0
28,16,1,0,2,0,1,1,4,1,1,2,2,2,1,1,1
23,18,1,1,2,0,2,3,3,1,1,2,2,2,1,1,1
75,19,1,1,1,0,1,1,4,1,1,2,2,1,2,1,0
55,16,1,1,2,0,1,1,4,4,1,2,2,2,1,1,1
14,11,5,2,2,1,1,3,0,2,1,2,2,2,1,1,0
13,10,5,2,2,1,1,1,0,1,1,2,2,2,2,1,0
66,16,2,0,2,0,1,1,4,1,1,2,2,2,1,2,1
54,16,5,0,2,0,1,1,2,2,1,2,2,2,1,1,0
22,19,5,2,2,0,1,3,4,1,1,2,2,2,1,1,1
52,16,1,0,2,0,1,1,4,1,1,2,2,2,1,2,1
61,21,1,0,2,0,1,1,4,1,1,2,2,2,1,1,1
55,19,5,0,1,0,1,1,4,1,1,2,1,2,2,2,0
56,12,1,1,2,0,1,1,4,1,1,2,2,2,1,2,0
48,22,1,1,2,0,1,3,4,3,1,2,2,2,2,1,0
17,14,5,2,2,7,3,1,4,4,1,2,2,2,1,1,0
32,22,5,0,2,0,1,1,4,1,1,2,2,2,2,2,1
61,21,1,1,2,0,1,1,4,2,1,2,2,2,2,1,0
69,16,1,0,1,0,1,1,3,4,1,2,2,2,1,1,0
20,16,5,2,2,0,1,1,4,1,1,2,2,2,1,2,0
44,23,1,0,2,0,1,1,4,1,1,2,2,2,1,2,1
61,21,3,0,2,0,1,1,4,4,1,2,2,2,1,1,1
21,21,5,2,2,0,1,1,4,1,1,2,2,2,2,1,0
75,14,2,0,1,0,1,1,4,1,1,1,2,2,1,2,0
2,0,5,2,2,1,1,1,0,4,1,2,2,0,1,1,0
11,8,5,2,2,1,1,1,0,2,1,2,2,2,2,1,0
61,21,1,0,2,0,1,1,4,1,1,2,2,2,1,1,1
36,21,1,1,2,0,1,1,4,2,1,2,2,2,2,1,1
73,14,3,0,1,0,1,1,4,4,1,2,1,2,1,1,0
23,19,5,2,2,0,1,1,4,1,1,2,2,2,2,1,1
56,23,1,0,2,0,1,1,2,4,1,2,2,2,1,1,1
22,19,1,1,2,0,1,1,4,2,1,2,2,2,2,1,1
3,1,5,4,2,5,1,1,0,4,1,2,2,0,1,1,0
41,21,1,0,2,0,1,1,4,1,1,2,2,2,2,1,1
19,19,5,17,2,0,1,1,4,1,1,2,2,2,2,2,1
80,16,1,1,2,0,1,1,4,1,1,2,2,2,1,1,0
22,16,5,0,2,0,1,3,4,2,1,2,2,2,1,1,1
67,17,1,0,1,0,1,1,2,1,1,2,2,1,1,1,0
12,9,5,2,1,1,1,1,0,2,1,2,2,1,2,1,0
15,12,5,2,2,2,1,1,0,1,1,2,2,2,2,1,0
28,22,1,0,2,0,1,3,4,4,1,2,2,2,2,1,0
42,18,5,0,2,0,1,1,4,2,1,2,2,2,2,2,1
79,18,1,0,2,0,1,1,2,4,1,2,2,2,1,1,0
34,1,4,0,2,0,1,1,4,2,1,2,2,2,2,1,0
2,0,5,2,2,2,1,1,0,4,1,2,2,0,1,1,0
16,13,5,7,2,0,1,1,0,1,1,2,2,2,1,2,0
67,22,1,0,2,0,1,1,2,2,1,2,2,2,1,1,1
61,17,1,0,2,0,1,1,4,1,1,2,2,2,2,1,0
18,14,5,16,2,0,1,1,4,2,1,2,2,2,1,2,0
47,21,1,0,2,0,1,1,4,4,1,2,2,2,2,2,1
71,16,1,0,2,0,1,1,2,1,1,2,2,2,1,2,0
53,22,1,0,2,0,1,1,4,1,1,2,2,2,1,1,1
17,14,5,2,2,8,1,3,4,1,1,2,2,2,1,1,0
57,20,1,1,2,0,1,1,4,1,1,2,2,2,2,2,1
11,8,5,7,2,0,1,1,0,1,1,2,2,2,2,1,0
44,16,1,1,2,0,1,1,4,2,1,2,2,2,1,1,1
80,19,1,0,1,0,1,1,2,1,1,2,2,2,1,1,0
70,14,3,0,1,0,1,1,4,1,1,2,1,2,2,2,0
42,19,3,0,2,0,1,1,4,2,1,2,2,2,2,1,1
2,0,5,2,2,7,1,1,0,2,1,2,2,0,2,2,0
22,1,5,12,2,0,5,2,4,1,2,2,2,2,1,8,1
85,16,1,0,2,0,1,1,2,2,1,2,2,2,1,1,0
12,10,5,2,2,1,1,1,0,2,1,2,2,2,1,1,0
44,20,1,1,2,0,5,1,4,1,2,2,2,2,2,6,1
77,19,1,1,1,0,1,1,4,1,1,2,2,2,2,1,0
69,13,5,0,1,0,1,1,4,1,1,2,2,1,1,2,0
12,8,5,2,2,2,1,1,0,1,1,2,2,2,2,1,0
64,21,1,0,1,0,1,1,4,4,1,2,1,2,2,1,0
5,2,5,7,2,7,1,1,0,1,1,2,2,2,2,1,0
21,19,5,0,2,0,1,3,4,1,1,2,2,2,2,1,1
40,18,1,0,2,0,1,1,4,1,1,2,2,2,1,1,1
89,18,2,0,1,0,1,1,2,1,1,2,1,2,1,2,0
35,19,1,1,2,0,1,1,4,4,1,2,2,2,2,1,1
60,20,3,0,2,0,4,3,4,1,2,2,2,2,2,1,1
78,16,1,1,1,0,1,1,4,4,1,2,2,2,1,1,0
78,16,1,1,1,0,1,1,4,1,1,2,2,2,2,1,0
23,20,5,2,2,0,1,1,4,1,1,2,2,2,2,2,1
53,19,1,0,2,0,1,1,4,1,1,2,2,2,1,1,1
50,16,4,0,1,0,1,1,4,1,1,2,2,2,1,2,0
57,16,3,16,1,0,1,1,4,4,1,2,2,2,2,1,0
5,1,5,2,2,7,1,1,0,4,1,2,2,2,1,1,0
69,12,2,0,1,0,1,1,4,1,1,2,2,1,2,1,0
4,2,5,2,2,2,1,1,0,2,1,2,2,0,1,1,0
51,15,4,13,2,0,1,1,4,1,1,2,2,2,2,1,0
45,21,5,0,2,0,1,1,4,1,1,2,2,2,1,1,1
35,21,1,1,2,0,4,1,4,1,2,2,2,2,2,6,0
35,22,3,0,2,0,1,1,4,1,1,2,2,2,1,1,1
54,20,1,1,2,0,1,1,4,1,1,2,2,2,2,1,1
42,21,1,0,2,0,1,1,4,2,1,2,2,2,2,2,1
65,14,1,1,2,0,1,1,4,1,1,2,2,2,1,2,1
82,11,3,6,1,0,1,1,4,1,1,1,2,2,2,1,0
57,20,1,0,2,0,1,1,4,2,1,2,2,2,2,1,0
19,13,5,17,2,0,1,3,4,1,1,2,2,2,2,2,1
48,18,1,0,2,0,1,1,4,1,1,2,2,2,1,1,1
74,14,1,1,1,0,1,1,4,1,1,2,2,2,1,1,0
34,19,1,1,2,0,1,3,4,1,1,2,2,2,2,1,1
89,16,2,16,1,0,1,3,4,1,1,2,2,1,2,1,0
4,1,5,2,2,1,1,1,0,1,1,2,2,0,2,1,0
64,16,1,0,2,0,1,1,4,1,1,2,2,2,1,2,0
11,8,5,2,2,7,1,3,0,3,1,2,2,2,1,1,0
42,24,1,0,2,0,1,1,4,1,1,2,2,2,2,2,1
31,9,3,16,2,0,1,3,4,1,1,2,2,2,1,1,0
38,16,5,0,2,0,1,1,4,4,1,2,2,2,1,1,1
51,19,1,1,2,0,1,1,4,4,1,2,2,2,2,1,1
60,19,5,0,2,0,1,1,4,1,1,2,2,2,2,2,1
67,1,1,1,2,0,1,1,4,1,1,2,2,2,2,1,0
62,22,1,1,2,0,1,1,4,2,1,2,2,2,2,1,1
75,21,1,0,2,0,1,1,4,1,1,2,2,2,2,1,0
27,20,1,1,2,0,1,3,2,1,1,2,2,2,1,1,1
65,17,2,0,1,0,1,1,4,1,1,1,2,2,2,1,0
43,13,5,0,2,0,1,1,4,1,1,2,2,2,2,2,1
59,16,3,2,1,0,1,1,4,2,1,2,2,2,1,1,0
48,20,1,0,1,0,1,1,4,1,1,2,2,2,2,1,0
57,12,5,2,1,0,1,1,4,1,1,2,2,1,2,2,0
54,13,3,0,1,0,1,1,4,3,1,2,2,2,2,1,0
67,20,2,0,2,0,1,1,4,1,1,2,2,2,2,1,1
9,7,5,2,2,1,1,1,0,4,1,2,2,2,2,1,0
11,9,5,2,1,7,1,1,0,4,1,2,2,1,2,2,0
70,16,1,1,2,0,1,1,4,1,1,2,2,2,2,1,0
44,21,1,1,2,0,1,1,4,1,1,2,2,2,2,1,0
83,22,1,1,2,0,1,1,4,1,1,2,2,2,2,1,0
4,2,5,2,2,1,1,1,0,3,1,2,2,0,1,1,0
35,21,1,0,2,0,1,1,4,1,1,2,2,2,1,1,1
25,21,5,0,2,0,1,1,4,1,1,2,2,2,1,1,0
2,0,5,3,2,1,1,1,0,3,1,2,2,0,1,1,0
26,19,1,9,2,0,1,3,4,4,1,2,2,2,2,2,1
79,17,2,0,1,0,1,1,4,4,1,2,2,1,2,1,1
59,16,1,1,1,0,1,1,4,1,1,2,2,2,2,2,0
50,19,3,0,2,0,1,1,4,1,1,2,2,2,1,1,1
45,21,1,1,2,0,1,1,4,1,1,2,2,2,1,1,1
76,16,1,0,2,0,1,1,4,1,1,2,2,2,1,1,0
71,19,2,0,2,0,1,1,4,1,1,2,2,2,2,1,0
63,16,5,0,2,0,1,1,4,2,1,2,2,2,2,1,1
23,16,1,0,2,0,1,3,4,2,1,2,2,2,2,1,1
69,18,1,1,1,0,1,1,4,1,1,2,2,2,2,1,0
17,14,5,2,1,1,1,1,4,4,1,2,2,1,2,1,0
19,18,5,5,2,0,1,3,4,1,1,2,2,2,2,2,0
74,16,1,0,1,0,1,1,2,1,1,2,2,2,1,1,0
72,22,1,0,2,0,1,1,4,1,1,2,2,2,2,1,1
60,14,5,2,2,0,1,1,4,4,1,2,2,2,1,1,0
3,2,5,2,2,5,1,1,0,2,1,2,2,0,1,1,0
1,0,5,2,2,1,1,3,0,4,1,2,2,0,1,2,0
15,12,5,2,2,7,1,1,0,1,1,2,2,2,1,2,0
28,19,5,2,2,0,5,1,4,2,2,2,2,2,2,1,1
46,21,1,1,2,0,1,1,4,4,1,2,2,2,2,1,1
31,22,1,1,1,0,1,1,4,2,1,2,2,1,2,1,1
7,5,5,2,2,5,1,1,0,1,1,2,2,2,2,2,0
82,16,2,0,2,0,1,1,4,1,1,2,2,2,2,1,0
17,14,5,2,2,1,1,1,4,1,1,2,2,2,1,1,0
29,16,5,7,1,0,1,1,4,4,1,2,1,1,1,2,0
50,16,5,2,2,0,1,1,2,4,1,2,2,2,1,1,1
71,19,1,1,1,0,1,1,4,1,1,2,2,2,2,2,0
19,19,5,17,2,0,1,3,4,2,1,2,2,2,1,1,0
79,19,3,0,2,0,1,1,4,2,1,2,2,2,2,1,0
50,16,1,0,2,0,1,1,4,2,1,2,2,2,1,1,1
62,21,1,0,2,0,1,1,4,1,1,2,2,2,1,1,1
30,16,5,12,2,0,1,1,4,1,1,2,2,2,1,1,1
67,17,1,1,1,0,1,1,4,1,1,2,2,2,1,1,0
13,10,5,2,1,2,1,1,0,1,1,2,2,1,1,1,0
57,22,1,1,2,0,1,1,4,2,1,2,2,2,2,1,1
51,24,1,0,2,0,4,3,2,1,2,2,2,2,1,2,1
49,16,1,1,2,0,1,1,4,1,1,2,2,2,2,1,1
20,20,5,12,2,0,1,3,4,4,1,2,2,2,1,1,0
55,17,3,0,2,0,1,1,4,1,1,2,2,2,2,1,1
16,14,5,2,1,1,1,1,0,3,1,1,2,2,1,1,0
26,17,1,1,2,0,1,1,4,4,1,2,2,2,1,1,1
4,2,5,10,2,7,1,3,0,4,1,2,2,0,2,2,0
26,18,1,1,2,0,1,1,4,3,1,2,2,2,1,1,1
76,17,2,0,2,0,1,1,4,4,1,2,2,2,2,1,1
48,19,1,0,2,0,1,1,4,1,1,2,2,2,2,1,1
28,22,5,0,2,0,1,3,4,2,1,2,2,2,1,1,1
34,18,1,0,2,0,1,3,4,2,1,2,2,2,1,1,1
71,18,1,1,1,0,1,1,2,1,1,2,2,1,1,1,0
41,13,1,1,2,0,1,1,4,3,1,2,2,2,1,1,1
61,21,2,0,2,0,1,3,4,2,1,2,2,2,1,1,0
43,16,5,2,2,0,1,1,4,2,1,2,2,2,1,1,1
56,13,5,0,2,0,1,1,4,2,1,2,2,2,2,1,1
3,2,5,2,2,1,1,1,0,2,1,2,2,0,1,1,0
45,16,3,2,1,0,1,1,4,4,1,2,2,2,1,2,0
7,4,5,2,2,1,1,1,0,2,1,2,2,2,2,1,0
39,12,1,1,1,0,1,3,4,4,1,2,2,2,2,1,0
68,18,1,1,2,0,1,1,4,4,1,2,2,2,2,1,1
55,18,1,0,2,0,1,1,4,1,1,2,2,2,2,1,1
35,16,1,1,2,0,1,1,4,1,1,2,2,2,2,1,0
53,19,1,0,2,0,1,3,4,2,1,2,2,2,2,1,1
29,23,1,1,2,0,1,1,4,2,1,2,2,2,1,1,1
68,21,1,1,2,0,1,1,4,1,1,2,2,2,2,1,1
56,17,1,1,1,0,1,1,4,1,1,1,2,2,2,1,1
63,21,3,0,2,0,1,2,2,4,1,2,2,2,1,1,0
59,1,5,17,1,0,1,1,4,4,1,2,2,1,1,1,0
66,16,1,0,2,0,1,1,2,1,1,2,2,2,1,1,0
68,16,3,0,2,0,1,3,2,4,1,2,2,2,1,1,0
20,19,5,2,2,0,1,1,4,1,1,2,2,2,2,1,0
3,1,5,2,2,1,1,1,0,2,1,2,2,0,2,1,0
58,21,1,0,2,0,1,1,2,2,1,2,2,2,1,1,1
72,19,2,16,1,0,1,1,4,4,1,2,1,2,2,2,0
67,16,5,16,1,0,1,1,4,2,1,2,2,1,1,2,0
23,18,1,0,2,0,1,3,4,1,1,2,2,2,1,1,1
79,21,1,1,1,0,1,1,4,1,1,2,2,1,1,2,0
53,16,1,1,2,0,1,1,4,4,1,2,2,2,1,1,1
40,21,1,1,2,0,1,3,4,1,1,2,2,2,2,1,1
41,16,3,13,2,0,1,1,4,1,1,2,2,2,2,1,0
68,16,1,0,2,0,1,1,4,4,1,2,2,2,2,1,0
52,16,1,1,2,0,1,1,4,1,1,2,2,2,2,1,1
51,19,1,1,2,0,1,1,4,4,1,2,2,2,1,1,1
51,10,1,0,1,0,1,1,4,1,1,2,1,2,1,1,0
12,9,5,2,2,7,1,1,0,1,1,2,2,2,1,1,0
48,1,5,2,2,0,1,1,4,1,1,2,2,2,1,2,0
56,21,3,0,2,0,1,1,4,1,1,2,2,2,2,1,0
31,9,1,1,1,0,1,3,2,4,1,2,2,1,1,1,0
65,19,3,0,2,0,1,1,2,4,1,2,2,2,1,1,1
80,17,2,0,1,0,1,3,4,1,1,2,2,1,2,1,0
46,21,1,0,2,0,1,1,4,1,1,2,2,2,1,1,1
1,0,5,2,2,1,1,1,0,1,1,2,2,0,1,2,0
37,21,1,0,2,0,1,1,4,2,1,2,2,2,1,1,1
9,5,5,7,2,0,1,1,0,2,1,2,2,2,2,1,0
30,16,1,0,2,0,5,1,4,1,2,2,2,2,1,1,1
20,19,5,17,2,0,1,1,4,1,1,2,2,2,2,1,0
50,9,1,1,1,0,1,1,4,4,1,2,2,2,1,1,0
14,11,5,2,2,7,1,1,0,1,1,2,2,2,1,6,0
44,16,1,1,2,0,1,1,4,4,1,2,2,2,2,1,1
22,18,5,3,2,0,1,1,4,4,1,2,2,2,1,1,0
93,16,1,1,2,0,1,3,4,1,1,2,2,2,2,1,0
71,19,2,0,2,0,1,1,4,1,1,2,2,2,2,2,0
14,10,5,2,1,1,1,1,0,4,1,2,2,1,1,1,0
36,22,1,0,2,0,1,3,1,2,1,2,2,2,1,1,0
41,21,1,0,2,0,1,1,4,4,1,2,2,2,1,1,1
6,2,5,2,2,7,1,1,0,1,1,2,2,2,1,1,0
14,11,5,2,2,1,1,1,0,4,1,2,2,2,1,1,0
71,22,1,0,2,0,1,1,4,1,1,2,2,2,2,1,0
10,7,5,2,2,7,1,1,0,1,1,2,2,2,2,2,0
69,16,2,0,2,0,1,1,4,1,1,2,2,2,2,1,0
65,17,2,0,2,0,1,1,4,1,1,2,2,2,2,1,0
59,16,3,0,2,0,1,1,4,1,1,2,2,2,1,2,1
9,6,5,2,2,5,1,1,0,1,1,2,2,2,1,1,0
81,16,4,0,1,0,1,1,4,1,1,2,2,2,2,1,0
25,16,1,0,2,0,1,1,4,2,1,2,2,2,1,2,1
72,16,1,1,2,0,1,1,4,1,1,2,2,2,2,1,0
7,4,5,3,2,1,1,1,0,1,1,2,2,2,2,1,0
10,7,5,2,2,8,1,1,0,1,1,2,2,2,1,2,0
10,6,5,7,2,8,1,3,0,2,1,2,2,2,2,1,0
9,7,5,7,2,0,1,1,0,2,1,2,2,2,1,1,0
16,13,5,2,2,1,1,1,0,4,1,2,2,2,2,1,0
54,20,1,0,2,0,1,1,4,2,1,2,2,2,1,1,1
50,19,1,1,2,0,1,1,2,2,1,2,2,2,1,2,1
42,22,5,0,2,0,1,1,4,2,1,2,2,2,2,1,1
25,19,5,0,1,0,1,3,4,1,1,2,2,2,1,1,1
65,16,1,1,1,0,1,1,4,1,1,2,2,2,2,2,0
22,16,1,1,2,0,1,1,4,1,1,2,2,2,2,1,1
15,15,5,7,2,0,1,3,0,4,1,2,2,2,1,2,0
51,19,1,0,1,0,1,1,2,1,1,1,2,2,1,1,1
13,11,5,2,2,1,1,3,0,4,1,2,2,2,2,1,0
60,9,1,1,1,0,1,1,2,1,1,1,2,1,1,2,0
15,12,5,7,2,5,1,3,0,2,1,2,2,2,1,1,0
81,13,1,0,2,0,1,1,4,1,1,2,2,2,2,2,0
10,7,5,2,2,7,1,3,0,2,1,2,2,2,2,9,0
11,7,5,2,2,1,1,1,0,1,1,2,2,2,1,1,0
28,20,5,0,1,0,1,3,4,1,1,2,1,2,2,2,1
57,18,1,1,2,0,1,1,4,1,1,2,2,2,2,1,1
16,13,5,2,2,1,1,1,0,1,1,2,2,2,2,6,0
23,18,5,2,2,0,1,3,4,1,1,2,2,2,1,1,1
54,16,3,10,2,0,1,3,4,1,1,2,2,2,1,2,1
28,10,5,16,2,0,1,1,4,4,1,2,2,2,1,1,0
47,19,3,2,2,0,1,1,4,4,1,2,2,2,2,1,1
18,16,5,3,2,0,1,1,4,2,1,2,2,2,2,1,0
32,16,1,0,2,0,1,1,4,1,1,2,2,2,1,1,1
63,14,2,0,1,0,1,1,4,3,1,2,2,2,2,1,0
24,24,5,0,2,0,1,1,4,1,1,2,2,2,1,1,0
0,0,5,2,2,1,1,0,0,4,1,2,2,0,1,8,0
33,16,3,13,2,0,1,3,4,1,1,2,2,2,2,1,1
72,20,3,0,1,0,1,1,4,4,1,2,2,2,2,1,0
20,13,5,2,1,0,1,1,4,4,1,2,2,1,2,1,0
11,8,5,2,2,1,1,1,0,2,1,2,2,2,2,1,0
22,16,1,2,2,0,1,1,4,1,1,2,2,2,1,1,1
55,18,1,1,2,0,1,1,4,1,1,2,2,2,2,1,1
80,16,2,0,1,0,1,1,4,1,1,1,2,1,2,1,0
11,8,5,2,1,5,1,1,0,4,1,2,2,2,2,2,0
50,15,1,0,1,0,1,3,4,1,1,2,1,2,2,2,1
62,23,3,0,1,0,1,1,3,2,1,2,2,2,1,1,0
71,16,1,1,2,0,1,1,4,1,1,2,2,2,2,1,0
61,20,1,0,1,0,1,1,2,1,1,2,2,2,1,2,0
19,19,5,2,2,0,1,1,4,4,1,2,2,2,2,1,0
25,16,5,0,2,0,1,3,4,2,1,2,2,2,1,2,1
86,16,2,0,2,0,1,1,4,4,1,2,2,2,2,1,0
12,8,5,2,2,1,1,1,0,1,1,2,2,2,2,1,0
46,20,1,0,2,0,1,1,4,1,1,2,2,2,2,1,1
51,16,3,0,1,0,1,1,4,1,1,2,2,2,2,2,1
34,1,4,0,2,0,1,3,4,1,1,2,2,2,2,1,1
10,7,5,2,1,1,1,1,0,1,1,2,2,1,1,1,0
79,19,1,1,2,0,1,1,3,1,1,2,2,2,1,1,0
67,16,2,0,2,0,1,1,4,1,1,2,2,2,2,2,1
62,19,1,1,2,0,1,1,4,1,1,2,2,2,1,1,1
43,18,1,0,2,0,1,1,4,1,1,2,2,2,2,1,1
52,16,1,0,1,0,1,1,2,3,1,2,2,1,1,1,1
28,14,5,10,1,0,1,1,4,1,1,1,2,2,1,1,0
78,16,1,1,2,0,1,1,4,1,1,2,2,2,2,1,0
81,10,1,0,1,0,1,1,2,1,1,1,1,1,1,1,0
69,19,1,0,2,0,1,1,3,3,1,2,2,2,1,1,1
32,16,5,0,2,0,1,1,4,1,1,2,2,2,2,2,1
31,21,1,1,2,0,1,1,4,4,1,2,2,2,2,1,0
62,16,1,1,2,0,1,1,4,3,1,2,2,2,2,1,1
59,20,1,0,2,0,1,1,2,1,1,2,2,2,1,2,1
11,8,5,2,2,1,1,1,0,1,1,2,2,2,2,1,0
21,16,5,17,1,0,1,1,4,1,1,2,2,1,2,1,0
55,16,3,0,2,0,1,1,4,4,1,2,2,2,2,2,0
59,18,1,1,2,0,1,1,4,4,1,2,2,2,2,1,1
17,14,5,2,2,2,1,1,4,4,1,2,2,2,1,1,1
31,17,1,0,2,0,1,1,4,4,1,2,2,2,2,1,1
51,21,3,0,1,0,1,1,4,4,1,2,1,2,1,1,1
28,16,5,0,2,0,1,1,4,1,1,2,2,2,1,1,1
33,16,3,0,2,0,3,2,2,4,1,2,2,2,1,1,0
73,17,5,0,1,0,1,1,4,4,1,1,2,2,2,2,0
56,21,3,0,2,0,1,1,4,1,1,2,2,2,2,1,1
6,4,5,2,2,7,1,1,0,1,1,2,2,2,1,2,0
57,17,2,0,2,0,1,1,4,1,1,2,2,2,2,1,1
33,17,3,16,1,0,1,3,4,1,1,2,2,1,2,1,0
67,16,5,5,1,0,1,3,4,1,1,2,2,2,1,2,0
67,18,4,0,1,0,1,1,2,1,1,1,2,2,1,2,0
19,19,5,2,2,0,1,1,4,2,1,2,2,2,2,1,1
77,16,3,0,2,0,1,1,4,4,1,2,2,2,2,1,0
74,16,1,1,2,0,1,1,2,1,1,2,2,2,1,1,0
40,22,1,0,1,0,4,1,4,1,2,2,1,2,2,6,1
54,19,4,13,2,0,1,1,4,4,1,2,2,2,2,1,1
87,16,2,0,1,0,1,1,4,1,1,2,2,1,2,1,0
39,17,1,0,2,0,1,1,4,4,1,2,2,2,1,1,1
44,21,5,0,2,0,1,1,2,2,1,2,2,2,1,1,1
57,13,5,17,1,0,1,1,4,1,1,2,2,1,1,1,0
73,19,2,0,1,0,1,1,4,1,1,2,1,2,2,2,0
8,4,5,2,2,1,1,3,0,1,1,2,2,2,2,1,0
73,19,3,6,2,0,1,1,2,4,1,2,2,2,1,1,0
20,19,5,0,2,0,1,3,4,4,1,2,2,2,2,1,0
47,17,1,1,2,0,1,1,4,1,1,2,2,2,1,1,1
67,16,1,0,2,0,1,1,4,4,1,2,2,2,1,1,0
3,1,5,2,2,1,1,1,0,1,1,2,2,0,2,8,0
80,6,2,0,1,0,1,1,4,1,1,1,1,1,1,1,0
37,13,4,12,2,0,1,1,4,4,1,2,2,2,1,1,0
11,8,5,2,2,1,1,1,0,2,1,2,2,2,2,1,0
56,20,1,1,2,0,1,1,2,2,1,2,2,2,1,1,1
42,16,1,0,2,0,1,1,4,3,1,2,2,2,1,1,1
53,16,1,0,1,0,1,1,4,1,1,1,2,2,2,1,1
0,0,5,2,2,2,1,0,0,4,1,2,2,0,1,6,0
59,16,1,0,1,0,1,1,4,1,1,2,2,1,2,1,1
47,22,1,0,2,0,1,1,4,1,1,2,2,2,1,1,1
53,19,1,16,1,0,1,3,4,1,1,2,2,2,1,2,0
69,17,1,0,1,0,1,1,4,3,1,2,2,2,2,1,0
44,16,5,0,2,0,1,1,4,2,1,2,2,2,2,2,1
67,15,1,1,2,0,1,1,4,1,1,2,2,2,2,1,0
13,11,5,2,2,8,1,3,0,2,1,2,2,2,2,1,0
16,13,5,7,2,7,1,1,0,4,1,2,2,2,1,1,0
64,15,1,1,2,0,1,1,4,1,1,2,2,2,2,2,1
65,15,2,8,1,0,1,1,4,1,1,2,2,2,1,1,0
1,0,5,2,2,2,1,1,0,1,1,2,2,0,2,6,0
69,24,2,0,2,0,1,3,4,2,1,2,2,2,2,1,0
59,16,3,0,2,0,1,1,4,4,1,2,2,2,1,1,1
19,18,5,17,2,0,1,3,4,1,1,2,2,2,1,1,0
68,14,1,0,1,0,1,1,4,1,1,1,2,2,2,1,0
73,16,1,1,2,0,1,1,4,1,1,2,2,2,2,1,0
66,16,2,0,2,0,1,1,4,4,1,2,2,2,1,1,0
46,15,3,2,2,0,1,1,4,1,1,2,2,2,2,2,0
44,20,1,1,1,0,1,3,4,2,1,2,2,1,2,1,1
62,16,1,1,2,0,1,1,4,1,1,2,2,2,2,1,0
74,1,2,0,2,0,1,1,4,1,1,2,2,2,1,1,0
65,18,1,0,2,0,1,3,4,4,1,2,2,2,2,2,0
48,21,1,0,2,0,1,1,4,1,1,2,2,2,1,1,1
57,19,1,1,2,0,1,1,4,4,1,2,2,2,2,1,1
8,5,5,2,2,1,1,1,0,4,1,2,2,2,2,1,0
88,1,2,0,1,0,1,1,4,1,1,1,2,1,1,1,0
32,21,1,1,2,0,1,1,4,1,1,2,2,2,2,1,1
35,22,5,15,2,0,1,1,4,1,1,2,2,2,2,2,1
25,21,5,11,2,0,1,3,4,2,1,2,2,2,2,9,1
50,20,1,1,2,0,1,1,4,2,1,2,2,2,2,1,1
61,19,1,1,2,0,1,1,4,1,1,2,2,2,2,3,0
49,20,2,0,2,0,1,1,4,3,1,2,2,2,2,1,1
1,0,5,2,2,7,1,1,0,1,1,2,2,0,1,1,0
65,21,1,1,2,0,1,1,4,4,1,2,2,2,1,1,0
73,18,1,0,1,0,1,1,2,2,1,2,2,2,1,1,0
78,20,1,1,2,0,1,1,4,1,1,2,2,2,2,1,0
9,6,5,2,2,1,1,1,0,1,1,2,2,2,1,1,0
29,22,1,0,2,0,1,3,4,1,1,2,2,2,1,1,1
4,1,5,2,2,8,1,1,0,2,1,2,2,0,1,1,0
69,22,2,0,2,0,1,1,4,1,1,2,2,2,2,1,0
0,0,5,2,2,2,1,0,0,2,1,2,2,0,2,1,0
69,18,1,1,2,0,1,1,4,1,1,2,2,2,1,1,1
21,18,5,0,1,0,1,3,4,1,1,2,2,1,2,1,1
17,14,5,7,2,8,1,1,4,1,1,2,2,2,1,2,0
19,16,5,2,1,0,1,1,4,4,1,1,2,2,1,1,1
56,16,5,5,2,0,1,1,4,1,1,2,2,2,2,2,1
62,16,3,0,1,0,1,3,4,1,1,2,1,2,2,1,0
30,9,4,0,2,0,5,3,4,1,2,2,2,2,2,8,1
17,14,5,4,2,1,1,1,4,1,1,2,2,2,1,1,1
19,16,5,2,2,0,1,1,4,2,1,2,2,2,1,1,1
11,8,5,2,2,1,1,1,0,2,1,2,2,2,1,9,0
74,16,3,6,2,0,2,3,4,1,1,2,2,2,2,1,0
14,11,5,2,2,1,1,1,0,1,1,2,2,2,2,1,0
1,0,5,2,2,1,1,1,0,1,1,2,2,0,1,1,0
17,14,5,15,2,0,1,3,4,1,1,2,2,2,1,1,1
46,21,3,0,2,0,1,3,4,3,1,2,2,2,2,1,1
40,16,1,1,2,0,1,3,4,2,1,2,2,2,1,1,1
46,18,1,0,2,0,1,1,4,4,1,2,2,2,2,2,1
46,16,1,0,2,0,1,1,4,4,1,2,2,2,2,1,1
3,1,5,2,2,1,1,1,0,3,1,2,2,0,1,1,0
0,0,5,2,2,1,1,0,0,4,1,2,2,0,1,9,0
59,16,1,0,2,0,1,1,4,4,1,2,2,2,1,1,1
57,16,5,17,1,0,1,3,4,2,1,2,2,2,2,2,0
31,15,5,0,2,0,5,1,4,1,2,2,2,2,2,1,0
61,22,1,0,2,0,1,1,4,1,1,2,2,2,1,1,1
31,19,1,0,2,0,1,1,4,1,1,2,2,2,1,1,0
44,19,1,0,1,0,1,1,4,1,1,1,2,2,2,1,1
19,16,1,0,2,0,1,3,4,1,1,2,2,2,2,1,0
63,20,3,0,1,0,1,3,4,2,1,1,1,1,2,8,0
69,12,1,1,2,0,1,1,2,1,1,2,2,2,1,1,1
36,16,4,0,1,0,1,1,4,1,1,2,1,2,2,1,0
40,19,3,0,2,0,1,1,2,1,1,2,2,2,2,2,1
24,16,1,0,2,0,5,1,4,1,2,2,2,2,2,8,0
73,21,1,0,2,0,1,1,3,1,1,2,2,2,1,1,0
72,16,1,1,2,0,1,1,4,1,1,2,2,2,2,1,0
58,16,1,0,2,0,1,1,4,4,1,2,2,2,1,1,1
10,7,5,2,1,1,1,1,0,4,1,2,2,1,2,9,0
47,19,3,13,2,0,1,1,4,4,1,2,2,2,1,2,1
35,21,1,1,2,0,1,1,4,1,1,2,2,2,2,1,1
57,22,3,12,2,0,1,1,4,3,1,2,2,2,2,1,1
63,16,1,1,2,0,1,1,4,1,1,2,2,2,2,1,0
62,21,1,0,2,0,1,1,4,4,1,2,2,2,1,1,1
62,16,1,0,1,0,1,1,4,2,1,2,2,2,2,3,0
15,13,5,4,2,1,1,1,0,4,1,2,2,2,1,2,0
55,18,1,1,2,0,1,1,4,1,1,2,2,2,2,1,1
23,21,5,2,2,0,1,1,4,1,1,2,2,2,2,1,1
67,22,1,0,2,0,1,1,2,1,1,2,2,2,1,1,0
54,16,2,0,2,0,1,1,4,1,1,2,2,2,2,1,0
62,19,1,0,2,0,1,1,4,2,1,2,2,2,1,1,1
5,2,5,2,2,7,1,1,0,1,1,2,2,2,1,1,0
64,19,1,0,1,0,1,1,4,1,1,2,2,2,2,1,0
45,21,1,1,2,0,1,1,4,4,1,2,2,2,2,1,1
18,13,5,2,1,0,1,1,4,1,1,2,2,1,2,2,0
20,16,5,12,2,0,1,1,4,4,1,2,2,2,1,1,0
75,21,1,1,1,0,1,1,4,1,1,1,2,2,2,1,0
16,13,5,2,2,2,1,1,0,1,1,2,2,2,2,1,0
47,22,2,0,2,0,1,1,4,1,1,2,2,2,2,1,1
7,4,5,2,1,1,1,1,0,4,1,1,2,2,2,1,0
44,20,1,0,2,0,1,1,4,1,1,2,2,2,1,1,1
58,21,1,1,2,0,1,1,4,1,1,2,2,2,2,1,0
0,0,5,2,2,1,1,0,0,2,1,2,2,0,2,3,0
57,16,1,0,1,0,1,1,4,2,1,2,2,2,2,1,0
0,0,5,2,2,1,1,0,0,4,1,2,2,0,1,1,0
23,13,5,2,2,0,1,1,4,4,1,2,2,2,1,1,0
11,8,5,2,2,1,1,1,0,2,1,2,2,2,2,1,0
50,19,1,0,2,0,1,1,2,1,1,2,2,2,1,2,1
1,0,5,2,2,8,1,1,0,1,1,2,2,0,2,1,0
59,21,1,0,2,0,1,1,2,2,1,2,2,2,2,1,0
93,16,2,6,1,0,1,1,4,1,1,2,2,2,2,1,0
67,17,1,1,2,0,1,1,4,1,1,2,2,2,2,1,0
54,16,5,0,1,0,1,1,4,2,1,2,1,2,1,2,0
59,16,1,0,2,0,1,1,4,1,1,2,2,2,1,1,1
77,14,1,0,2,0,1,1,4,1,1,2,2,2,2,1,0
52,23,4,0,2,0,1,1,4,4,1,2,2,2,1,1,1
21,19,5,0,2,0,2,3,4,1,1,2,2,2,1,1,0
51,16,1,1,2,0,1,1,4,1,1,2,2,2,2,1,0
61,16,5,2,2,0,1,1,4,1,1,2,2,2,1,1,0
7,5,5,2,2,5,1,1,0,1,1,2,2,2,2,1,0
41,16,4,0,1,0,1,3,4,1,1,2,2,1,2,2,0
78,16,1,1,2,0,1,1,4,1,1,2,2,2,1,1,0
52,21,3,0,2,0,1,1,2,1,1,2,2,2,1,1,1
25,16,5,12,2,0,1,1,4,1,1,2,2,2,1,1,1
0,0,5,2,2,1,1,0,0,1,1,2,2,0,2,2,0
73,16,1,0,2,0,1,1,4,4,1,2,2,2,2,1,0
38,23,1,1,2,0,1,1,4,4,1,2,2,2,2,1,1
58,1,5,10,1,0,1,1,4,4,1,2,2,1,1,2,0
54,16,1,1,2,0,1,1,4,4,1,2,2,2,1,1,1
27,21,5,2,2,0,1,1,4,1,1,2,2,2,2,2,1
22,18,1,9,2,0,1,1,4,1,1,2,2,2,2,1,0
53,16,1,1,2,0,1,1,4,1,1,2,2,2,1,1,1
40,22,5,0,2,0,1,3,4,1,1,2,2,2,2,1,0
53,22,3,10,2,0,1,1,4,4,1,2,2,2,2,2,1
12,8,5,2,2,2,1,3,0,2,1,2,2,2,1,1,0
64,21,1,1,1,0,1,1,4,2,1,2,2,1,2,1,0
24,21,5,0,2,0,1,3,4,1,1,2,2,2,2,1,0
75,24,2,16,1,0,1,1,4,4,1,1,1,1,2,1,0
17,14,5,7,2,0,1,1,4,1,1,2,2,2,1,2,0
7,4,5,2,2,1,1,1,0,1,1,2,2,2,1,1,0
58,16,1,0,2,0,1,1,4,4,1,2,2,2,2,2,0
8,5,5,2,2,2,1,1,0,1,1,2,2,2,2,1,0
58,22,1,0,2,0,1,1,4,4,1,2,2,2,2,1,1
34,17,5,0,2,0,1,1,4,1,1,2,2,2,2,2,0
8,5,5,2,2,1,1,1,0,1,1,2,2,2,2,1,0
28,16,5,0,2,0,1,1,4,1,1,2,2,2,1,2,0
17,14,5,4,2,1,1,3,4,1,1,2,2,2,2,2,0
65,18,1,1,2,0,1,1,4,1,1,2,2,2,2,1,0
65,22,3,0,2,0,1,1,3,3,1,2,2,2,1,1,0
17,14,5,2,2,7,1,3,4,1,1,2,2,2,1,2,0
53,19,1,1,1,0,1,1,4,1,1,1,2,2,1,1,1
32,19,1,1,2,0,1,1,4,1,1,2,2,2,2,1,0
17,14,5,0,2,0,1,1,2,4,1,2,2,2,1,7,0
32,16,1,0,2,0,1,3,4,1,1,2,2,2,2,1,0
54,21,5,2,2,0,1,1,4,2,1,2,2,2,2,1,1
18,14,5,2,2,0,1,1,4,4,1,2,2,2,1,1,0
17,14,5,2,2,2,1,1,3,4,1,2,2,2,1,1,0
85,17,1,0,1,0,1,1,2,4,1,2,2,2,1,1,0
20,19,5,12,2,0,3,3,4,1,1,2,2,2,1,1,0
62,21,1,1,2,0,1,1,4,1,1,2,2,2,1,1,1
40,20,1,0,2,0,1,1,4,1,1,2,2,2,1,1,1
37,19,1,0,2,0,1,1,4,1,1,2,2,2,1,1,1
64,16,1,1,1,0,1,1,4,1,1,2,2,2,2,2,0
45,18,3,0,1,0,1,1,4,1,1,2,2,2,2,1,0
0,0,5,2,2,2,1,0,0,2,1,2,2,0,1,9,0
23,17,5,2,2,0,1,1,4,1,1,2,2,2,1,2,1
8,5,5,2,2,1,1,1,0,4,1,2,2,2,1,1,0
39,22,4,0,2,0,1,1,4,1,1,2,2,2,2,2,1
54,17,5,12,1,0,1,1,4,1,1,2,2,1,1,1,0
26,19,5,0,2,0,1,1,4,1,1,2,2,2,2,2,1
48,11,4,17,1,0,1,3,4,2,1,2,1,2,2,2,0
53,16,1,1,2,0,1,1,4,1,1,2,2,2,1,1,1
17,14,5,2,2,7,1,1,3,1,1,2,2,2,1,1,0
45,5,1,0,2,0,5,1,4,1,2,2,2,2,1,9,1
28,19,1,0,2,0,1,1,4,2,1,2,2,2,2,1,1
77,16,1,0,2,0,1,1,4,1,1,2,2,2,2,1,0
71,22,1,0,1,0,1,1,4,2,1,2,2,2,1,1,0
67,21,1,0,2,0,1,1,3,1,1,2,2,2,1,1,1
84,16,5,16,1,0,1,1,4,2,1,1,1,2,1,1,0
10,7,5,2,2,1,1,1,0,1,1,2,2,2,2,1,0
47,17,1,0,2,0,1,1,4,1,1,2,2,2,1,2,1
11,8,5,2,2,1,1,1,0,4,1,2,2,2,2,1,0
36,21,1,0,2,0,1,1,4,3,1,2,2,2,2,1,1
65,18,1,1,2,0,1,1,4,1,1,2,2,2,2,2,0
64,17,1,1,1,0,1,1,4,1,1,2,2,1,2,2,0
71,21,1,0,1,0,1,1,3,1,1,1,2,2,1,1,1
30,16,1,0,2,0,1,3,4,1,1,2,2,2,1,1,1
63,19,1,1,2,0,1,1,4,4,1,2,2,2,1,2,1
71,22,1,0,1,0,1,1,4,1,1,2,2,2,2,1,0
51,19,1,1,2,0,1,1,4,1,1,2,2,2,1,2,1
59,20,1,0,2,0,1,3,2,1,1,2,2,2,1,1,1
63,22,1,1,2,0,1,1,4,1,1,2,2,2,2,1,0
64,16,1,1,2,0,1,1,4,1,1,2,2,2,2,1,0
48,23,1,0,2,0,1,1,4,2,1,2,2,2,2,1,1
57,14,1,0,2,0,1,1,4,2,1,2,2,2,2,1,1
75,14,3,16,1,0,1,1,2,2,1,2,2,1,1,2,0
34,16,1,0,2,0,1,1,4,1,1,2,2,2,1,3,1
57,21,1,1,2,0,5,1,4,1,2,2,2,2,2,1,1
53,16,1,1,2,0,1,1,4,1,1,2,2,2,2,1,1
23,18,5,7,2,0,1,1,3,4,1,2,2,2,1,1,1
20,17,5,2,2,0,1,1,4,1,1,2,2,2,2,2,0
24,20,5,2,2,0,1,1,4,4,1,2,2,2,2,1,1
12,9,5,2,2,2,1,1,0,1,1,2,2,2,2,8,0
63,21,2,0,2,0,1,1,4,1,1,2,2,2,2,1,1
70,10,1,1,1,0,1,1,4,1,1,2,2,2,1,1,0
60,22,1,1,2,0,1,1,4,1,1,2,2,2,1,2,1
50,20,1,0,2,0,1,1,4,1,1,2,2,2,2,1,0
28,22,1,0,2,0,1,1,4,4,1,2,2,2,2,1,1
44,12,3,0,1,0,1,1,4,1,1,2,2,2,2,1,0
53,16,1,0,2,0,1,1,1,1,1,2,2,2,1,1,0
0,0,5,7,2,5,1,0,0,2,1,2,2,0,2,1,0
74,18,1,1,1,0,1,1,2,1,1,1,1,2,1,2,0
18,16,5,2,2,0,1,1,4,1,1,2,2,2,2,1,1
60,23,1,1,2,0,1,1,4,1,1,2,2,2,2,1,1
53,16,1,1,2,0,1,1,4,1,1,2,2,2,2,2,1
41,22,1,0,2,0,1,1,4,2,1,2,2,2,1,1,1
50,16,1,1,2,0,1,1,4,4,1,2,2,2,2,1,0
19,19,5,17,2,0,1,3,4,1,1,2,2,2,1,1,0
71,18,2,0,2,0,1,1,4,2,1,2,2,2,2,1,0
24,16,4,2,2,0,1,3,4,4,1,2,2,2,2,1,0
56,21,1,1,2,0,1,1,4,1,1,2,2,2,1,1,1
27,15,5,2,2,0,1,1,4,1,1,2,2,2,1,2,1
19,18,5,5,2,0,1,1,4,1,1,2,2,2,1,2,0
10,7,5,2,2,2,1,1,0,1,1,2,2,2,1,1,0
59,16,5,13,2,0,1,3,4,1,1,2,2,2,1,1,1
63,16,2,0,2,0,1,1,4,1,1,2,2,2,1,1,1
62,22,1,0,1,0,1,1,4,3,1,1,2,2,1,1,0
73,12,3,0,1,0,1,1,4,1,1,1,2,2,2,1,0
59,16,1,0,2,0,1,1,4,1,1,2,2,2,1,1,1
31,18,5,10,2,0,1,1,4,1,1,2,2,2,2,2,1
21,19,5,17,2,0,1,3,4,1,1,2,2,2,1,1,0
46,22,1,0,2,0,1,1,4,1,1,2,2,2,2,1,0
25,19,1,0,2,0,1,3,4,1,1,2,2,2,2,1,0
82,19,1,0,1,0,1,1,4,2,1,1,2,2,2,1,0
71,16,3,16,1,0,1,3,4,1,1,2,2,2,2,1,0
10,7,5,2,2,2,1,1,0,4,1,2,2,2,1,1,0
60,16,3,16,1,0,1,3,4,4,1,1,2,1,2,1,0
29,1,5,12,1,0,1,1,4,4,1,2,2,1,1,2,0
1,0,5,7,2,0,1,1,0,1,1,2,2,0,1,1,0
50,16,4,2,1,0,1,1,4,2,1,2,2,2,2,9,0
58,13,5,0,2,0,1,1,4,1,1,2,2,2,1,2,0
18,14,5,4,2,0,5,3,4,1,2,2,2,2,1,1,0
55,21,1,0,2,0,1,1,4,4,1,2,2,2,1,1,1
68,24,1,0,2,0,1,1,4,2,1,2,2,2,1,1,0
5,2,5,2,2,7,1,3,0,1,1,2,2,2,2,2,0
52,16,5,16,2,0,1,1,4,1,1,2,2,2,1,2,0
80,16,3,10,1,0,1,1,4,4,1,2,2,1,2,1,0
39,12,1,0,2,0,4,1,4,1,2,2,2,2,1,6,1
18,18,5,2,2,0,1,1,4,1,1,2,2,2,1,1,0
44,16,2,0,1,0,1,1,4,1,1,2,2,2,1,1,0
78,1,1,0,1,0,1,1,3,1,1,2,2,2,1,1,0
85,14,2,0,1,0,1,1,4,4,1,2,2,2,2,1,0
47,19,1,0,2,0,1,1,4,1,1,2,2,2,2,1,1
12,8,5,2,2,2,5,2,0,1,2,2,2,2,1,8,0
40,11,4,0,1,0,1,1,4,4,1,1,2,2,2,1,0
67,19,3,0,1,0,1,1,2,1,1,2,2,2,1,1,0
50,22,1,1,2,0,1,1,4,1,1,2,2,2,2,1,1
60,22,1,0,2,0,1,3,2,3,1,2,2,2,2,2,0
58,18,5,2,2,0,1,1,2,1,1,2,2,2,1,2,0
23,21,5,2,2,0,1,1,4,1,1,2,2,2,1,1,1
62,16,2,0,1,0,1,1,2,4,1,2,2,2,1,2,0
62,21,1,0,2,0,1,1,4,1,1,2,2,2,2,1,0
2,0,5,2,2,7,1,1,0,1,1,2,2,0,2,2,0
47,15,3,2,1,0,1,1,4,4,1,2,1,2,1,1,0
68,19,2,0,2,0,1,1,4,1,1,2,2,2,2,1,0
66,12,1,1,1,0,1,1,4,1,1,2,2,1,2,1,0
66,13,1,0,2,0,1,1,4,4,1,2,2,2,1,1,0
50,19,3,13,2,0,1,1,4,1,1,2,2,2,1,2,1
55,19,1,0,2,0,1,1,2,2,1,2,2,2,1,1,1
68,21,1,1,1,0,1,1,4,3,1,2,2,2,2,1,0
55,16,1,1,2,0,1,3,4,1,1,2,2,2,1,2,1
68,17,5,5,2,0,1,1,4,1,1,2,2,2,1,2,0
71,22,1,0,2,0,1,1,2,3,1,2,2,2,1,1,0
59,18,3,0,2,0,1,1,4,4,1,2,2,2,1,1,1
16,14,5,2,2,1,1,1,0,1,1,2,2,2,1,2,0
6,4,5,2,2,7,1,1,0,4,1,2,2,2,1,2,0
63,16,1,0,1,0,1,1,2,1,1,1,2,2,1,1,1
67,21,1,0,2,0,1,1,4,1,1,2,2,2,2,1,1
49,20,1,0,2,0,1,1,4,4,1,2,2,2,1,1,1
11,7,5,4,2,1,1,1,0,4,1,2,2,2,1,2,0
47,16,3,0,2,0,1,3,4,4,1,2,2,2,2,1,0
65,16,1,1,2,0,1,1,4,2,1,2,2,2,1,1,1
41,21,5,0,2,0,1,3,4,1,1,2,2,2,2,1,1
30,19,3,0,2,0,1,1,4,2,1,2,2,2,2,1,1
12,9,5,2,2,2,1,1,0,2,1,2,2,2,2,1,0
72,21,2,0,2,0,1,1,3,1,1,2,2,2,1,1,0
62,24,1,0,2,0,1,1,4,1,1,2,2,2,1,1,1
3,1,5,2,2,2,1,1,0,4,1,2,2,0,2,1,0
60,20,1,1,2,0,1,1,4,1,1,2,2,2,2,1,0
18,18,5,17,2,0,1,3,4,1,1,2,2,2,2,2,0
78,16,1,0,2,0,1,1,4,4,1,2,2,2,2,1,0
5,2,5,2,2,1,1,1,0,4,1,2,2,2,2,2,0
17,13,5,5,2,7,1,1,4,1,1,2,2,2,2,2,0
79,12,1,1,2,0,1,1,4,1,1,2,2,2,1,1,0
40,20,1,1,2,0,1,1,4,3,1,2,2,2,1,1,1
33,16,1,0,2,0,1,1,2,4,1,2,2,2,1,2,1
81,14,1,0,1,0,1,1,4,4,1,2,2,1,1,2,0
59,14,3,0,2,0,5,3,4,1,2,2,2,2,1,2,1
68,19,1,0,2,0,1,1,2,4,1,2,2,2,1,1,0
53,13,1,0,2,0,1,1,4,1,1,2,2,2,1,1,1
79,19,1,0,2,0,1,1,4,4,1,2,2,2,1,1,0
19,19,5,2,2,0,1,1,4,1,1,2,2,2,2,1,0
1,0,5,2,2,1,1,1,0,4,1,2,2,0,2,1,0
16,14,5,10,2,0,1,1,0,4,1,2,2,2,1,1,1
29,12,5,16,2,0,1,1,4,1,1,2,2,2,1,2,0
53,22,1,1,2,0,1,1,4,1,1,2,2,2,2,1,1
14,11,5,2,2,1,1,1,0,1,1,2,2,2,1,1,0
75,16,2,0,2,0,1,1,4,2,1,2,2,2,2,1,0
18,18,5,17,2,0,1,3,4,1,1,2,2,2,2,1,0
64,12,3,0,1,0,1,1,2,1,1,2,2,2,1,2,0
3,2,5,2,2,2,1,3,0,2,1,2,2,0,1,1,0
34,21,1,0,2,0,1,1,4,1,1,2,2,2,1,2,1
70,16,1,0,2,0,1,1,4,1,1,2,2,2,2,1,1
9,4,5,2,2,7,1,1,0,1,1,2,2,2,1,2,0
23,18,5,2,2,0,1,1,4,3,1,2,2,2,1,1,1
59,21,3,0,2,0,1,1,4,2,1,2,2,2,2,1,1
3,1,5,2,2,3,1,1,0,1,1,2,2,0,1,6,0
35,24,1,0,2,0,5,1,4,1,2,2,2,2,1,6,1
71,18,1,0,2,0,1,1,4,3,1,2,2,2,1,1,0
57,19,1,0,2,0,1,1,4,3,1,2,2,2,2,1,1
53,19,3,0,2,0,1,1,4,4,1,2,2,2,1,1,1
17,14,5,2,2,2,1,1,4,1,1,2,2,2,2,1,0
60,21,5,0,2,0,1,1,4,2,1,2,2,2,1,1,1
68,23,1,1,2,0,1,1,4,1,1,2,2,2,2,1,0
61,20,1,0,2,0,1,1,4,2,1,2,2,2,2,1,0
4,1,5,2,2,2,1,1,0,4,1,2,2,0,1,1,0
57,20,3,0,1,0,1,1,4,1,1,2,2,1,2,1,0
32,20,1,0,2,0,1,1,4,1,1,2,2,2,1,1,1
8,5,5,2,2,2,1,1,0,3,1,2,2,2,1,1,0
64,19,1,0,1,0,1,1,2,2,1,1,2,1,1,1,0
64,21,1,0,1,0,1,1,4,1,1,1,2,2,1,1,1
28,19,5,16,2,0,1,1,2,1,1,2,2,2,1,1,0
27,16,1,1,2,0,1,1,4,4,1,2,2,2,2,1,1
84,16,3,0,1,0,1,1,2,1,1,1,2,2,1,1,0
65,20,3,0,2,0,1,3,4,1,1,2,2,2,1,1,0
38,21,1,1,2,0,1,1,4,2,1,2,2,2,2,1,1
49,21,1,0,2,0,1,1,4,3,1,2,2,2,2,1,1
2,0,5,2,2,1,1,1,0,1,1,2,2,0,2,1,0
45,16,3,0,2,0,1,1,4,4,1,2,2,2,2,2,1
12,9,5,2,2,1,1,1,0,2,1,2,2,2,1,1,0
11,8,5,2,2,7,1,1,0,4,1,2,2,2,1,1,0
7,4,5,4,2,1,1,1,0,1,1,2,2,2,1,1,0
17,16,5,2,2,7,1,1,4,1,1,2,2,2,2,2,0
68,20,1,0,1,0,1,1,2,4,1,1,2,2,1,1,0
5,2,5,2,1,5,1,1,0,2,1,2,2,1,2,1,0
62,22,2,0,2,0,1,1,4,1,1,2,2,2,2,1,0
6,1,5,2,2,1,1,1,0,1,1,2,2,2,2,2,0
18,13,5,2,2,0,1,1,4,1,1,2,2,2,2,2,1
59,16,1,0,1,0,1,1,2,1,1,2,1,1,1,2,0
60,21,1,1,2,0,1,1,4,4,1,2,2,2,2,1,1
30,22,1,12,2,0,5,1,4,1,2,2,2,2,2,6,1
31,17,5,7,2,0,1,1,4,3,1,2,2,2,2,1,1
0,0,5,2,2,1,1,0,0,2,1,2,2,0,2,1,0
44,16,4,0,2,0,1,1,4,4,1,2,2,2,2,2,1
7,3,5,2,2,2,1,1,0,2,1,2,2,2,2,1,0
21,13,5,17,2,0,1,3,4,1,1,2,2,2,1,2,0
36,18,1,0,1,0,1,1,4,2,1,2,1,2,2,1,0
15,1,5,2,2,7,4,1,0,4,2,2,2,2,2,8,0
53,12,1,0,2,0,1,1,2,1,1,2,2,2,1,2,0
55,16,5,0,2,0,1,1,4,4,1,2,2,2,1,1,1
46,16,1,0,2,0,1,1,2,1,1,2,2,2,1,1,1
93,17,3,0,2,0,1,1,4,1,1,2,2,2,1,1,0
3,1,5,2,2,8,1,3,0,4,1,2,2,0,2,1,0
51,14,4,0,2,0,1,1,4,1,1,2,2,2,2,2,1
47,19,4,2,2,0,1,1,4,4,1,2,2,2,1,2,1
58,17,5,13,2,0,1,1,4,1,1,2,2,2,1,2,1
33,16,5,0,2,0,1,1,4,1,1,2,2,2,2,2,1
68,21,1,1,2,0,1,1,4,2,1,2,2,2,2,1,0
15,12,5,2,2,7,1,1,0,4,1,2,2,2,1,1,0
9,7,5,2,2,1,1,3,0,4,1,2,2,2,1,1,0
38,16,5,0,2,0,1,1,4,1,1,2,2,2,2,2,0
58,18,1,0,2,0,1,1,4,4,1,2,2,2,1,1,1
28,21,1,9,2,0,1,1,4,1,1,2,2,2,1,1,1
43,12,1,1,2,0,1,1,4,1,1,2,2,2,2,1,0
30,21,1,1,2,0,1,1,4,1,1,2,2,2,2,1,1
12,8,5,2,2,7,1,1,0,1,1,2,2,2,1,2,0
30,16,3,16,2,0,1,1,4,1,1,2,2,2,1,1,0
47,19,1,0,2,0,1,1,4,1,1,2,2,2,1,1,1
62,13,3,0,1,0,1,1,4,1,1,2,2,2,2,2,0
61,16,1,1,1,0,1,1,4,1,1,1,2,2,1,1,1
2,0,5,2,2,2,1,3,0,1,1,2,2,0,2,1,0
33,18,1,1,2,0,1,1,4,1,1,2,2,2,2,1,1
55,13,1,0,1,0,1,1,2,4,1,1,2,1,1,1,1
61,19,3,0,2,0,1,1,4,2,1,2,2,2,1,1,1
6,2,5,2,2,1,1,1,0,1,1,2,2,2,2,2,0
27,16,5,2,2,0,1,1,4,4,1,2,2,2,1,1,1
4,1,5,2,2,1,1,1,0,1,1,2,2,0,2,1,0
6,3,5,2,2,1,1,1,0,1,1,2,2,2,2,1,0
26,16,5,0,1,0,1,1,4,1,1,2,2,2,1,1,1
55,12,1,0,1,0,1,1,4,1,1,2,2,2,1,1,0
28,16,1,2,2,0,1,1,4,1,1,2,2,2,1,1,1
26,20,5,13,2,0,1,1,4,1,1,2,2,2,2,2,1
17,14,5,7,2,0,1,1,4,1,1,2,2,2,1,2,0
72,16,1,0,2,0,1,1,4,1,1,2,2,2,2,1,0
31,20,1,1,2,0,1,1,4,2,1,2,2,2,2,1,1
17,14,5,2,2,1,1,1,4,3,1,2,2,2,1,1,1
40,21,5,0,2,0,1,1,4,1,1,2,2,2,1,2,1
15,13,5,2,2,2,1,1,0,2,1,2,2,2,2,1,0
57,20,1,0,2,0,1,1,4,1,1,2,2,2,1,1,1
48,23,1,0,2,0,1,1,4,1,1,2,2,2,2,1,1
87,24,1,0,2,0,1,1,2,1,1,2,2,2,1,1,0
36,12,5,4,2,0,1,1,4,4,1,2,2,2,1,1,1
85,16,2,0,2,0,1,1,4,1,1,2,2,2,2,1,0
27,16,5,2,2,0,1,1,4,3,1,2,2,2,1,2,0
45,21,1,1,2,0,1,1,4,1,1,2,2,2,1,1,1
5,3,5,2,2,7,1,1,0,1,1,2,2,2,2,2,0
45,23,1,0,2,0,1,1,4,2,1,2,2,2,1,1,1
65,16,1,1,2,0,1,1,4,1,1,2,2,2,2,1,0
66,21,5,0,2,0,1,1,4,1,1,2,2,2,2,2,0
15,12,5,10,2,0,1,1,0,1,1,2,2,2,1,1,0
5,1,5,2,2,2,1,1,0,2,1,2,2,2,1,1,0
46,20,3,0,2,0,1,1,4,1,1,2,2,2,2,1,1
43,14,1,1,2,0,1,1,4,1,1,2,2,2,1,2,1
66,19,3,13,2,0,1,1,4,4,1,2,2,2,1,9,0
67,16,2,0,2,0,1,1,4,1,1,2,2,2,1,1,0
55,11,1,1,2,0,1,1,4,4,1,2,2,2,1,1,1
25,18,4,5,2,0,1,3,4,2,1,2,2,2,2,1,0
79,22,1,0,1,0,1,1,4,1,1,2,2,2,2,1,1
18,18,5,2,2,0,1,1,4,2,1,2,2,2,1,9,0
14,11,5,10,2,0,1,1,0,4,1,2,2,2,1,2,0
74,23,2,0,2,0,1,1,4,2,1,2,2,2,2,1,1
9,7,5,7,2,0,1,1,0,4,1,2,2,2,2,1,0
4,1,5,2,2,2,1,1,0,4,1,2,2,0,2,1,0
61,22,1,0,2,0,1,1,4,2,1,2,2,2,1,1,0
52,21,1,1,2,0,1,1,4,1,1,2,2,2,2,1,1
28,21,1,0,2,0,1,3,4,2,1,2,2,2,2,1,0
48,18,1,1,1,0,1,1,4,1,1,2,2,1,2,1,0
68,12,1,1,1,0,1,1,4,1,1,2,1,1,2,1,0
74,16,1,0,2,0,1,1,4,4,1,2,2,2,1,2,0
69,16,1,1,2,0,1,1,4,2,1,2,2,2,2,1,0
18,16,5,2,2,0,1,1,4,3,1,2,2,2,1,1,0
58,21,3,0,2,0,1,1,4,1,1,2,2,2,2,2,1
53,21,3,2,2,0,1,1,4,2,1,2,2,2,1,1,1
45,19,1,0,2,0,1,1,4,4,1,2,2,2,1,1,1
75,19,1,1,2,0,1,1,3,1,1,2,2,2,1,1,0
10,7,5,2,2,1,1,1,0,1,1,2,2,2,1,1,0
33,18,1,0,1,0,1,1,2,1,1,1,2,2,1,1,1
75,17,1,0,1,0,1,1,2,1,1,1,1,2,1,1,0
43,16,4,0,2,0,1,1,4,4,1,2,2,2,1,1,1
41,16,3,13,2,0,1,3,4,4,1,2,2,2,2,1,1
26,20,5,2,2,0,1,1,4,1,1,2,2,2,1,2,0
56,16,1,0,2,0,1,1,4,2,1,2,2,2,2,1,0
44,20,1,0,2,0,1,1,4,4,1,2,2,2,1,2,1
14,11,5,2,2,1,1,1,0,1,1,2,2,2,2,1,0
32,22,1,1,2,0,1,1,4,4,1,2,2,2,1,1,1
24,16,1,0,2,0,1,1,4,2,1,2,2,2,2,1,1
53,20,1,1,2,0,1,1,4,1,1,2,2,2,1,2,1
53,16,1,1,1,0,1,1,4,1,1,2,2,2,2,2,0
77,17,1,0,1,0,1,1,2,1,1,2,2,1,1,1,0
48,14,1,1,1,0,1,1,4,1,1,2,2,1,2,1,0
70,19,2,0,1,0,1,1,4,4,1,1,2,2,2,1,0
35,16,5,2,2,0,1,1,4,1,1,2,2,2,1,1,1
71,21,1,0,2,0,1,1,4,1,1,2,2,2,2,1,1
17,13,5,2,2,2,1,1,4,4,1,2,2,2,2,1,1
51,16,1,1,2,0,1,1,4,1,1,2,2,2,2,1,1
83,21,2,0,2,0,1,1,2,2,1,2,2,2,1,1,0
47,21,1,0,2,0,1,1,4,1,1,2,2,2,2,1,1
12,8,5,2,2,1,1,1,0,1,1,2,2,2,1,1,0
69,16,1,1,2,0,1,1,4,1,1,2,2,2,1,1,0
1,0,5,2,2,2,1,1,0,2,1,2,2,0,1,1,0
0,0,5,2,2,1,1,0,0,4,1,2,2,0,2,1,0
56,16,1,1,2,0,1,1,4,1,1,2,2,2,2,1,1
59,23,1,0,2,0,1,1,4,2,1,2,2,2,2,1,1
31,16,1,1,2,0,1,1,4,2,1,2,2,2,1,1,1
13,11,5,2,2,8,1,1,0,1,1,2,2,2,2,2,0
24,12,5,0,2,0,1,1,4,1,1,2,2,2,2,2,0
59,21,3,2,2,0,1,1,4,4,1,2,2,2,1,1,1
84,16,1,1,2,0,1,1,4,1,1,2,2,2,2,1,0
9,6,5,4,1,1,1,1,0,1,1,2,2,1,1,1,0
68,16,1,1,2,0,1,1,4,3,1,2,2,2,2,1,0
10,7,5,2,2,7,1,1,0,1,1,2,2,2,2,2,0
11,8,5,2,2,1,1,1,0,4,1,2,2,2,1,1,0
79,19,2,0,2,0,1,1,4,1,1,2,2,2,1,1,0
64,16,1,0,2,0,1,1,4,3,1,2,2,2,1,1,0
39,22,1,0,2,0,5,1,4,1,2,2,2,2,1,6,0
41,21,1,0,2,0,1,1,4,1,1,2,2,2,1,1,1
73,9,1,16,1,0,1,1,4,1,1,2,2,1,1,2,0
62,22,1,1,2,0,1,1,4,1,1,2,2,2,2,2,1
52,22,3,0,2,0,1,3,4,2,1,2,2,2,2,1,1
34,23,1,1,2,0,1,1,4,1,1,2,2,2,2,2,1
53,16,1,1,1,0,1,1,4,1,1,2,2,1,2,1,1
30,20,1,1,2,0,1,1,4,1,1,2,2,2,2,1,1
4,1,5,2,2,7,1,1,0,1,1,2,2,0,2,2,0
80,18,3,0,1,0,1,1,4,1,1,1,2,2,2,2,0
83,18,2,0,1,0,1,1,4,2,1,1,2,2,2,1,0
64,16,1,1,1,0,1,1,4,1,1,2,2,2,1,1,0
62,21,3,0,1,0,1,1,4,1,1,1,1,1,1,2,0
52,21,1,0,2,0,1,1,2,1,1,2,2,2,1,1,1
30,21,1,0,2,0,1,1,4,4,1,2,2,2,2,1,1
16,14,5,2,2,1,1,1,0,1,1,2,2,2,1,1,0
51,14,1,1,2,0,1,1,4,1,1,2,2,2,2,1,0
17,14,5,2,2,7,1,1,4,1,1,2,2,2,1,8,0
15,13,5,4,2,1,1,1,0,1,1,2,2,2,1,1,0
11,7,5,4,2,1,1,1,0,1,1,2,2,2,2,2,0
6,3,5,2,2,1,1,1,0,3,1,2,2,2,2,1,0
20,19,5,2,2,0,1,1,4,1,1,2,2,2,2,1,0
43,18,1,1,2,0,1,1,4,1,1,2,2,2,1,1,1
58,21,3,0,2,0,1,1,4,1,1,2,2,2,1,1,1
60,16,2,16,2,0,1,3,4,1,1,2,2,2,1,1,0
57,22,3,0,2,0,1,1,2,1,1,2,2,2,1,1,1
54,18,1,0,2,0,1,1,4,1,1,2,2,2,2,1,1
10,7,5,2,2,1,1,1,0,1,1,2,2,2,1,2,0
29,18,1,1,2,0,1,3,4,1,1,2,2,2,2,1,0
12,8,5,2,2,2,1,1,0,4,1,2,2,2,2,1,0
35,16,5,0,2,0,1,1,4,1,1,2,2,2,2,2,1
52,19,1,0,2,0,1,1,2,1,1,2,2,2,1,1,0
34,19,1,0,2,0,1,1,4,1,1,2,2,2,1,1,1
46,21,1,1,2,0,1,1,4,1,1,2,2,2,2,2,0
32,16,1,0,2,0,1,1,4,3,1,2,2,2,2,1,1
24,19,1,0,2,0,1,1,4,4,1,2,2,2,2,1,1
50,21,2,0,2,0,1,1,4,2,1,2,2,2,2,2,1
12,9,5,4,2,3,1,1,0,2,1,2,2,2,1,1,0
42,21,1,1,2,0,1,1,4,3,1,2,2,2,2,1,1
58,21,1,1,2,0,1,1,3,4,1,2,2,2,1,1,1
80,10,1,1,1,0,1,3,4,1,1,2,2,2,2,1,0
45,16,3,13,1,0,1,1,2,1,1,2,2,2,2,1,0
29,15,5,2,2,0,1,1,4,1,1,2,2,2,1,1,1
22,19,5,17,1,0,1,1,4,1,1,2,1,1,2,2,1
60,21,5,0,2,0,1,1,4,1,1,2,2,2,2,2,1
60,17,2,0,2,0,1,3,4,4,1,2,2,2,1,2,1
61,15,1,0,2,0,1,1,4,1,1,2,2,2,2,2,1
64,16,1,0,2,0,1,1,4,4,1,2,2,2,2,1,1
49,20,3,8,2,0,1,1,4,1,1,2,2,2,2,2,1
21,16,5,7,1,0,1,1,4,1,1,2,2,2,1,2,0
36,16,1,1,2,0,1,1,4,1,1,2,2,2,1,1,1
71,19,1,0,1,0,1,1,2,2,1,1,2,2,1,1,1
20,19,5,17,2,0,1,1,4,1,1,2,2,2,2,2,0
50,16,1,0,2,0,1,1,4,1,1,2,2,2,1,1,1
6,3,5,2,2,7,1,1,0,4,1,2,2,2,2,1,0
70,19,1,1,2,0,1,1,2,2,1,2,2,2,1,1,0
49,20,1,1,2,0,1,1,4,4,1,2,2,2,1,1,1
64,18,1,1,1,0,1,1,4,1,1,2,2,2,2,1,0
16,13,5,2,2,2,1,1,0,4,1,2,2,2,2,1,0
7,4,5,2,2,7,1,1,0,1,1,2,2,2,1,2,0
41,16,5,0,2,0,1,1,4,4,1,2,2,2,2,1,0
48,21,1,1,2,0,1,1,4,1,1,2,2,2,1,1,1
68,17,1,0,2,0,1,1,4,1,1,2,2,2,2,2,0
38,21,1,1,2,0,1,1,4,3,1,2,2,2,2,1,0
38,16,5,0,2,0,1,1,4,1,1,2,2,2,1,1,1
17,14,5,2,2,1,1,1,4,1,1,2,2,2,2,1,0
31,21,1,1,2,0,1,1,4,4,1,2,2,2,2,1,1
15,12,5,2,2,7,1,1,0,1,1,2,2,2,2,2,0
56,19,1,0,2,0,1,1,4,1,1,2,2,2,1,1,1
9,5,5,7,2,0,1,1,0,1,1,2,2,2,1,1,0
80,16,2,0,1,0,1,1,4,1,1,2,2,2,2,1,0
23,15,5,2,2,0,1,1,4,1,1,2,2,2,2,2,0
45,16,3,2,2,0,1,1,4,4,1,2,2,2,1,1,0
2,0,5,2,2,1,1,3,0,4,1,2,2,0,1,1,0
28,20,1,10,2,0,5,1,4,1,2,2,2,2,1,8,1
62,16,5,0,1,0,1,1,2,1,1,2,2,2,1,2,0
93,17,1,0,1,0,1,1,4,1,1,1,2,2,1,1,0
87,16,2,0,1,0,1,1,4,4,1,2,2,2,2,1,0
31,16,1,1,2,0,1,1,4,1,1,2,2,2,1,1,1
83,19,1,1,1,0,1,1,4,4,1,2,2,2,1,2,0
34,16,5,16,2,0,1,1,4,1,1,2,2,2,1,1,0
75,16,1,1,1,0,1,1,4,4,1,2,2,2,2,1,0
64,20,1,1,2,0,1,1,4,1,1,2,2,2,2,1,0
78,16,3,0,2,0,1,1,4,4,1,2,2,2,2,1,0
4,2,5,2,2,4,1,1,0,1,1,2,2,0,1,1,0
20,19,5,17,2,0,1,1,4,1,1,2,2,2,1,1,0
78,19,1,1,1,0,1,1,4,1,1,2,2,1,2,1,0
35,16,5,2,2,0,1,1,4,4,1,2,2,2,1,1,1
28,16,5,2,2,0,1,1,4,4,1,2,2,2,2,2,1
69,20,1,0,1,0,1,1,2,1,1,1,2,2,1,1,1
26,22,5,0,2,0,1,1,4,3,1,2,2,2,2,1,1
30,16,1,0,2,0,1,1,4,1,1,2,2,2,1,2,1
60,16,2,0,2,0,1,1,4,4,1,2,2,2,2,2,1
31,15,1,0,2,0,1,3,4,4,1,2,2,2,1,1,1
27,21,1,1,2,0,1,1,4,4,1,2,2,2,1,1,1
30,19,1,2,2,0,1,1,4,1,1,2,2,2,2,1,1
29,21,1,1,2,0,1,1,4,2,1,2,2,2,1,1,1
18,14,5,10,2,0,1,1,4,1,1,2,2,2,2,2,0
69,19,1,1,2,0,1,1,4,1,1,2,2,2,2,1,0
24,16,5,0,2,0,1,1,4,2,1,2,2,2,2,1,1
51,16,3,13,2,0,1,1,2,1,1,2,2,2,1,2,1
52,21,1,0,2,0,1,1,4,1,1,2,2,2,1,1,1
81,19,2,0,2,0,1,1,4,4,1,2,2,2,2,1,0
31,9,1,0,2,0,5,1,4,1,2,2,2,2,1,8,1
41,19,5,2,2,0,1,1,4,1,1,2,2,2,1,1,1
24,19,5,2,2,0,1,1,4,2,1,2,2,2,2,9,1
53,19,5,2,2,0,1,1,4,1,1,2,2,2,2,2,0
25,21,5,0,2,0,5,1,4,1,2,2,2,2,1,1,1
55,12,5,0,2,0,1,1,4,1,1,2,2,2,1,1,1
50,16,1,1,2,0,1,3,4,4,1,2,2,2,2,1,1
38,12,3,16,1,0,1,1,4,2,1,2,2,2,1,3,0
34,16,1,1,2,0,1,1,4,1,1,2,2,2,1,2,1
19,18,5,2,2,0,1,1,4,2,1,2,2,2,1,1,1
72,19,2,0,2,0,1,1,4,4,1,2,2,2,1,2,0
6,2,5,2,2,1,1,1,0,1,1,2,2,2,1,2,0
66,18,1,0,2,0,1,1,2,1,1,2,2,2,1,1,1
10,7,5,2,2,7,1,1,0,1,1,2,2,2,2,2,0
73,16,2,0,2,0,1,3,4,1,1,2,2,2,2,1,0
2,0,5,2,2,1,1,1,0,3,1,2,2,0,2,9,0
54,20,2,0,2,0,1,1,4,1,1,2,2,2,2,2,1
52,18,2,0,2,0,4,1,4,1,2,2,2,2,2,1,1
72,10,1,0,2,0,1,1,4,1,1,2,2,2,2,1,0
33,21,5,0,2,0,1,1,4,1,1,2,2,2,2,1,1
8,6,5,2,2,7,1,1,0,1,1,2,2,2,2,2,0
66,22,1,0,2,0,1,1,4,1,1,2,2,2,1,2,0
14,12,5,2,2,1,1,1,0,4,1,2,2,2,2,1,0
76,19,3,0,2,0,1,1,2,2,1,2,2,2,1,1,0
39,19,3,16,2,0,1,3,4,1,1,2,2,2,2,1,0
44,13,4,2,2,0,1,1,4,2,1,2,2,2,1,9,0
81,20,2,0,2,0,1,1,4,1,1,2,2,2,2,1,0
71,18,1,0,1,0,1,1,2,1,1,1,2,2,1,1,0
0,0,5,2,2,1,1,0,0,4,1,2,2,0,1,1,0
53,22,1,1,2,0,1,1,2,4,1,2,2,2,1,1,1
22,16,5,5,2,0,4,1,4,4,2,2,2,2,1,1,1
83,18,1,0,1,0,1,1,2,4,1,1,1,2,1,1,0
36,19,1,1,2,0,1,1,2,1,1,2,2,2,1,2,1
27,16,5,16,2,0,1,1,4,1,1,2,2,2,1,2,0
4,1,5,2,2,2,1,1,0,2,1,2,2,0,2,1,0
9,6,5,2,2,2,1,1,0,2,1,2,2,2,2,1,0
64,16,3,0,2,0,1,1,4,1,1,2,2,2,1,2,1
28,17,5,16,2,0,1,3,4,1,1,2,2,2,1,1,0
12,10,5,2,2,1,1,1,0,2,1,2,2,2,1,9,0
43,16,5,0,2,0,1,1,4,1,1,2,2,2,1,2,0
3,1,5,2,2,8,1,1,0,1,1,2,2,0,1,1,0
27,20,5,0,2,0,1,1,4,1,1,2,2,2,1,1,1
53,19,1,1,2,0,1,1,4,1,1,2,2,2,1,1,1
63,20,2,0,1,0,1,1,4,1,1,2,2,2,2,2,0
48,19,3,13,2,0,1,3,4,1,1,2,2,2,1,1,1
27,21,1,1,2,0,1,1,4,4,1,2,2,2,2,1,0
31,20,1,1,2,0,1,1,4,1,1,2,2,2,2,1,0
10,7,5,2,2,7,1,1,0,1,1,2,2,2,2,2,0
20,19,5,17,2,0,1,1,4,1,1,2,2,2,1,2,1
49,21,1,0,2,0,1,3,2,1,1,2,2,2,1,1,1
6,3,5,2,2,1,1,1,0,4,1,2,2,2,1,2,0
41,19,1,1,2,0,3,1,4,4,1,2,2,2,2,1,1
50,21,1,1,2,0,1,1,4,2,1,2,2,2,2,1,1
53,21,1,0,2,0,1,1,4,4,1,2,2,2,1,1,1
25,16,1,1,2,0,1,1,4,1,1,2,2,2,2,2,1
11,7,5,7,2,0,1,1,0,1,1,2,2,2,2,1,0
27,22,5,12,2,0,1,1,4,2,1,2,2,2,2,1,1
19,16,5,7,2,0,1,1,4,1,1,2,2,2,1,2,0
47,17,1,0,2,0,1,1,4,1,1,2,2,2,1,1,1
4,1,5,7,2,5,1,1,0,1,1,2,2,0,1,2,0
61,21,1,1,2,0,1,1,4,1,1,2,2,2,2,1,1
63,20,1,1,2,0,1,1,4,4,1,2,2,2,2,1,0
3,2,5,7,2,5,1,1,0,1,1,2,2,0,2,1,0
60,21,1,0,2,0,1,1,4,1,1,2,2,2,1,1,1
45,20,1,1,1,0,1,1,4,4,1,2,2,2,2,1,1
31,19,5,0,2,0,1,1,4,4,1,2,2,2,2,2,0
30,23,1,1,2,0,1,3,4,1,1,2,2,2,2,1,1
44,17,2,4,1,0,1,1,4,2,1,2,2,1,1,1,0
34,17,5,13,1,0,1,1,4,1,1,2,1,2,1,1,0
65,16,1,1,2,0,1,1,4,4,1,2,2,2,2,1,0
49,21,1,1,2,0,3,1,4,2,1,2,2,2,2,9,0
4,1,5,2,2,2,1,1,0,4,1,2,2,0,2,1,0
66,16,3,0,1,0,1,1,4,2,1,2,2,2,1,1,0
85,22,1,0,2,0,1,1,2,1,1,2,2,2,1,2,0
5,1,5,2,2,8,1,1,0,1,1,2,2,2,2,2,0
58,16,3,0,1,0,1,1,4,4,1,2,2,1,1,2,0
62,17,1,1,2,0,1,1,2,4,1,2,2,2,1,1,0
17,13,5,2,2,2,1,3,4,2,1,2,2,2,2,9,0
3,1,5,2,2,1,1,3,0,1,1,2,2,0,2,1,0
13,10,5,2,2,2,1,1,0,1,1,2,2,2,2,1,0
63,21,1,1,2,0,1,1,4,1,1,2,2,2,2,1,0
4,1,5,2,2,8,1,1,0,2,1,2,2,0,1,1,0
47,19,5,0,2,0,1,1,4,1,1,2,2,2,1,1,1
48,16,5,2,2,0,1,1,4,2,1,2,2,2,1,1,1
60,17,2,0,1,0,1,1,4,1,1,2,2,2,2,1,0
31,20,1,1,2,0,1,1,4,4,1,2,2,2,2,1,1
34,16,5,13,2,0,1,1,4,3,1,2,2,2,1,1,1
84,16,2,0,2,0,1,1,4,1,1,2,2,2,2,1,0
64,23,5,0,2,0,4,1,4,2,2,2,2,2,1,1,1
84,21,2,0,1,0,1,1,2,1,1,1,2,2,1,1,0
22,16,5,0,2,0,1,3,4,2,1,2,2,2,2,1,1
16,13,5,2,2,1,1,1,0,1,1,2,2,2,1,2,0
73,16,1,0,2,0,1,1,4,1,1,2,2,2,1,2,0
55,19,1,0,2,0,1,1,4,1,1,2,2,2,2,1,1
53,21,1,0,2,0,1,3,4,1,1,2,2,2,1,1,1
71,21,1,0,2,0,1,1,3,1,1,2,2,2,1,1,1
62,16,1,1,2,0,1,3,4,4,1,2,2,2,2,1,0
69,21,3,0,2,0,1,1,4,1,1,2,2,2,2,2,0
14,11,5,2,2,1,1,1,0,4,1,2,2,2,2,1,0
43,21,1,0,1,0,1,1,4,1,1,2,2,1,2,1,0
60,16,1,1,2,0,1,1,4,4,1,2,2,2,2,1,1
15,12,5,2,2,4,1,3,0,2,1,2,2,2,2,1,0
54,20,1,1,2,0,1,1,4,1,1,2,2,2,2,1,1
51,18,1,0,2,0,1,1,2,1,1,2,2,2,1,1,1
45,16,1,1,2,0,1,1,4,4,1,2,2,2,1,1,1
47,22,5,0,2,0,1,1,4,1,1,2,2,2,2,2,0
73,22,1,1,2,0,4,1,4,1,2,2,2,2,1,6,0
29,21,1,1,2,0,1,1,4,4,1,2,2,2,2,1,1
44,21,1,1,2,0,1,1,4,1,1,2,2,2,2,1,1
32,17,3,16,1,0,1,3,4,1,1,2,2,1,1,2,0
18,14,5,2,2,0,1,1,4,2,1,2,2,2,1,2,1
53,11,3,2,1,0,1,1,4,1,1,2,2,2,2,1,0
62,22,1,0,2,0,1,1,4,1,1,2,2,2,1,1,1
73,17,1,0,2,0,1,1,2,1,1,2,2,2,1,1,1
66,19,1,1,1,0,1,1,4,1,1,2,2,2,2,2,1
40,16,1,1,2,0,1,1,4,1,1,2,2,2,1,2,1
17,13,5,2,2,1,1,1,4,1,1,2,2,2,2,1,0
58,17,1,1,1,0,1,1,4,1,1,2,2,1,2,1,0
18,19,5,17,2,0,1,3,4,1,1,2,2,2,2,2,0
30,16,1,1,2,0,1,1,4,1,1,2,2,2,2,1,0
65,18,1,1,1,0,1,1,4,2,1,1,1,1,2,9,0
18,16,5,2,2,0,1,1,4,4,1,2,2,2,2,1,0
61,21,1,1,2,0,1,1,4,4,1,2,2,2,1,1,1
68,21,1,0,2,0,1,1,4,1,1,2,2,2,1,1,1
22,13,5,2,2,0,1,1,4,1,1,2,2,2,1,1,0
17,13,5,2,1,7,1,1,4,2,1,2,2,1,1,1,0
9,6,5,2,2,1,1,1,0,2,1,2,2,2,2,1,0
28,20,1,0,2,0,1,1,4,4,1,2,2,2,2,1,1
35,16,3,0,2,0,1,1,4,1,1,2,2,2,2,2,0
60,13,4,0,1,0,1,1,4,1,1,2,2,2,2,2,0
12,9,5,2,2,8,1,3,0,2,1,2,2,2,1,1,0
65,19,1,1,2,0,1,1,4,4,1,2,2,2,2,1,0
82,17,1,1,1,0,1,1,4,4,1,1,2,2,1,1,0
57,21,1,1,1,0,1,1,4,2,1,1,2,2,2,1,1
10,7,5,2,2,7,1,1,0,3,1,2,2,2,1,1,0
52,18,1,0,2,0,1,1,4,1,1,2,2,2,1,1,1
27,22,1,1,1,0,5,1,4,1,2,1,1,1,2,6,0
63,21,1,0,2,0,1,1,4,1,1,2,2,2,2,1,0
37,20,1,1,2,0,1,1,4,1,1,2,2,2,2,1,1
60,21,1,1,2,0,1,1,4,1,1,2,2,2,2,1,0
8,5,5,7,2,5,3,1,0,1,1,2,2,2,2,1,0
39,16,1,0,2,0,1,1,4,1,1,2,2,2,2,1,1
15,12,5,2,2,2,1,1,0,4,1,2,2,2,1,2,0
32,22,1,0,2,0,1,3,4,1,1,2,2,2,1,1,1
63,13,5,0,1,0,1,1,4,1,1,2,2,2,2,2,0
60,21,1,0,1,0,3,1,4,2,1,2,2,1,1,1,1
40,19,3,0,2,0,1,1,4,1,1,2,2,2,1,1,1
44,13,1,1,2,0,1,1,4,1,1,2,2,2,1,2,1
50,19,3,16,1,0,1,3,2,1,1,2,2,2,1,1,0
28,21,5,0,2,0,1,1,4,1,1,2,2,2,2,2,1
87,22,1,0,1,0,1,3,2,1,1,2,2,2,1,1,1
55,16,3,0,1,0,1,1,4,4,1,2,2,2,2,1,0
75,18,1,0,2,0,1,1,2,1,1,2,2,2,1,1,1
70,21,1,0,2,0,1,1,2,1,1,2,2,2,1,1,0
39,16,3,3,1,0,1,1,4,1,1,2,2,1,2,1,0
14,12,5,2,2,7,1,1,0,3,1,2,2,2,1,1,0
62,20,3,0,2,0,1,1,4,3,1,2,2,2,1,1,0
62,21,1,1,2,0,1,1,4,1,1,2,2,2,2,1,0
73,16,1,0,1,0,1,1,4,2,1,1,2,2,1,1,0
65,11,3,0,1,0,1,1,4,2,1,1,2,1,2,1,0
32,18,1,0,2,0,1,1,4,3,1,2,2,2,2,1,1
22,16,5,2,2,0,1,1,4,1,1,2,2,2,2,1,0
51,16,3,0,2,0,1,3,4,4,1,2,2,2,2,1,1
17,14,5,2,2,1,1,1,4,2,1,2,2,2,2,1,0
74,16,4,16,1,0,1,1,4,1,1,2,2,2,1,2,0
3,1,5,2,2,5,1,3,0,1,1,2,2,0,2,2,0
55,21,5,2,2,0,1,1,4,1,1,2,2,2,1,1,1
2,0,5,2,2,1,1,1,0,2,1,2,2,0,2,1,0
9,7,5,4,2,1,1,3,0,1,1,2,2,2,2,1,0
68,19,3,0,1,0,1,1,4,2,1,2,2,1,2,1,0
48,20,1,1,2,0,1,1,4,4,1,2,2,2,1,1,1
10,5,5,2,2,2,1,1,0,1,1,2,2,2,1,8,0
40,16,1,0,2,0,1,1,4,4,1,2,2,2,2,1,1
7,5,5,7,2,7,1,1,0,1,1,2,2,2,1,1,0
68,13,5,0,1,0,1,1,4,1,1,2,2,2,1,1,0
3,2,5,7,2,7,1,1,0,1,1,2,2,0,1,1,0
6,3,5,2,2,2,1,1,0,1,1,2,2,2,1,1,0
41,21,5,10,2,0,1,1,4,2,1,2,2,2,2,1,1
23,19,1,1,2,0,1,3,4,4,1,2,2,2,2,1,1
50,22,1,0,2,0,1,1,4,4,1,2,2,2,2,1,1
34,18,1,1,2,0,1,1,4,4,1,2,2,2,1,2,1
23,20,1,1,2,0,1,1,4,4,1,2,2,2,2,1,0
75,16,4,0,1,0,1,1,4,1,1,2,2,2,2,2,0
32,16,1,0,2,0,1,3,2,1,1,2,2,2,1,1,1
74,22,1,0,2,0,1,1,4,1,1,2,2,2,1,1,0
74,19,1,0,2,0,1,1,4,2,1,2,2,2,2,1,1
75,16,1,1,2,0,1,1,4,1,1,2,2,2,2,1,0
40,23,1,0,2,0,1,1,4,1,1,2,2,2,1,1,1
0,0,5,2,2,1,1,0,0,2,1,2,2,0,1,1,0
1,0,5,2,2,1,1,1,0,1,1,2,2,0,2,1,0
43,19,1,0,2,0,1,1,2,4,1,2,2,2,1,1,1
70,18,5,0,1,0,1,1,4,2,1,2,2,2,2,1,0
67,16,4,0,1,0,1,1,4,2,1,2,2,2,2,1,0
87,11,2,0,2,0,1,1,4,1,1,2,2,2,2,2,0
83,1,2,0,1,0,1,1,4,1,1,2,2,2,1,1,0
17,14,5,2,2,1,1,1,4,1,1,2,2,2,2,1,0
37,18,3,0,2,0,3,1,4,2,1,2,2,2,1,1,1
50,16,5,2,2,0,1,1,4,1,1,2,2,2,1,2,0
52,16,1,0,2,0,1,1,2,1,1,2,2,2,1,1,1
30,20,1,7,2,0,1,1,4,4,1,2,2,2,1,1,1
51,19,1,0,2,0,1,1,2,4,1,2,2,2,1,1,1
76,22,1,1,1,0,1,1,4,1,1,2,2,1,2,1,0
27,20,1,0,2,0,1,1,1,4,1,2,2,2,1,1,0
10,7,5,2,2,2,1,1,0,1,1,2,2,2,2,1,0
61,19,1,0,2,0,1,1,4,1,1,2,2,2,1,1,1
17,11,5,2,2,1,1,1,4,1,1,2,2,2,2,1,0
32,13,5,0,2,0,1,1,4,1,1,2,2,2,2,2,1
66,16,1,1,2,0,1,1,4,2,1,2,2,2,1,1,0
63,22,1,0,2,0,1,1,4,1,1,2,2,2,2,1,0
32,14,5,0,2,0,1,1,4,1,1,2,2,2,2,2,0
2,0,5,2,2,2,1,1,0,2,1,2,2,0,2,1,0
25,19,5,2,2,0,1,1,4,1,1,2,2,2,1,1,1
29,18,5,2,2,0,1,1,4,4,1,2,2,2,1,1,0
41,14,1,0,1,0,1,1,4,1,1,2,2,2,1,1,0
72,18,1,0,2,0,1,1,2,4,1,2,2,2,1,1,0
60,16,3,0,2,0,1,1,4,1,1,2,2,2,1,1,0
70,16,1,0,2,0,1,1,2,4,1,2,2,2,1,1,1
80,18,3,0,1,0,1,1,3,4,1,1,2,2,1,1,1
0,0,5,2,2,7,1,0,0,4,1,2,2,0,1,2,0
18,16,5,2,2,0,1,1,4,4,1,2,2,2,1,1,0
65,13,2,0,1,0,1,1,4,1,1,2,2,1,2,1,0
45,17,5,16,2,0,1,3,4,1,1,2,2,2,1,2,0
5,1,5,2,2,2,4,2,0,4,2,2,2,2,2,8,0
51,21,1,0,2,0,1,1,4,4,1,2,2,2,1,1,1
49,16,1,1,1,0,1,1,4,1,1,2,2,2,2,1,1
49,20,1,1,2,0,1,2,2,1,1,2,2,2,2,1,1
43,21,1,0,2,0,1,2,2,2,1,2,2,2,1,1,1
35,17,5,13,2,0,1,1,4,1,1,2,2,2,1,2,0
16,12,5,2,2,6,1,1,0,1,1,2,2,2,2,1,0
60,20,1,1,2,0,1,1,4,1,1,2,2,2,2,2,1
21,19,5,2,2,0,1,1,4,2,1,2,2,2,2,9,0
2,0,5,2,2,3,1,1,0,1,1,2,2,0,2,1,0
78,22,2,0,2,0,1,1,4,1,1,2,2,2,2,1,0
58,22,1,1,2,0,1,1,2,2,1,2,2,2,1,1,1
7,1,5,2,2,2,1,1,0,1,1,2,2,2,2,1,0
60,16,2,0,2,0,1,1,4,1,1,2,2,2,2,1,1
45,16,1,0,2,0,4,3,4,1,2,2,2,2,1,1,1
44,16,3,0,1,0,1,1,2,4,1,2,2,2,1,1,1
6,3,5,2,2,2,1,1,0,2,1,2,2,2,1,1,0
3,1,5,2,2,1,1,1,0,3,1,2,2,0,2,1,0
12,9,5,2,2,1,1,1,0,4,1,2,2,2,2,1,0
53,15,3,13,2,0,1,1,4,1,1,2,2,2,2,1,1
7,4,5,2,2,2,1,3,0,1,1,2,2,2,2,1,0
5,3,5,7,2,0,1,1,0,1,1,2,2,2,2,2,0
58,16,1,1,2,0,1,1,4,1,1,2,2,2,2,1,1
7,4,5,7,2,1,1,1,0,1,1,2,2,2,2,1,0
50,16,4,0,1,0,1,1,4,1,1,2,2,1,1,1,0
46,16,5,16,1,0,1,1,4,2,1,2,2,2,1,1,0
21,19,5,0,1,0,1,1,4,1,1,1,2,2,2,2,1
34,18,5,16,2,0,3,1,4,1,1,2,2,2,1,1,0
60,17,3,0,2,0,1,3,2,1,1,2,2,2,1,1,0
53,19,3,0,2,0,1,1,4,1,1,2,2,2,2,2,1
7,3,5,2,2,1,1,1,0,1,1,2,2,2,1,1,0
61,17,1,1,1,0,1,1,4,1,1,2,2,1,1,1,1
23,12,5,2,2,0,1,3,4,1,1,2,2,2,2,1,0
53,16,5,12,1,0,1,3,4,4,1,2,2,2,1,1,0
63,14,1,1,1,0,1,1,4,1,1,2,2,2,1,1,0
60,22,1,0,2,0,1,1,2,1,1,2,2,2,1,1,0
14,11,5,2,2,2,1,1,0,3,1,2,2,2,1,1,0
48,11,4,17,1,0,1,3,4,2,1,2,1,2,2,2,0
19,16,5,2,2,0,1,1,4,2,1,2,2,2,1,1,1
52,21,3,2,2,0,3,1,4,2,1,2,2,2,1,1,1
41,19,1,1,2,0,3,3,4,1,1,2,2,2,1,2,1
79,21,2,0,2,0,1,1,3,1,1,2,2,2,1,1,0
61,19,2,0,2,0,5,1,4,2,2,2,2,2,1,1,1
47,16,5,16,2,0,1,1,4,2,1,2,2,2,1,2,0
25,1,5,12,2,0,5,2,4,1,2,2,2,2,1,8,1
61,21,5,0,2,0,1,1,4,1,1,2,2,2,2,2,1
54,23,1,1,2,0,1,1,4,1,1,2,2,2,2,1,0
23,20,5,0,2,0,1,1,4,3,1,2,2,2,1,1,0
68,22,1,1,1,0,1,1,4,2,1,1,2,2,2,9,0
88,16,2,0,2,0,1,1,4,1,1,2,2,2,2,1,0
81,12,1,0,1,0,1,1,4,4,1,1,2,2,1,1,0
13,10,5,3,2,2,4,1,0,1,2,2,2,2,2,6,0
87,19,2,0,2,0,1,1,2,1,1,2,2,2,1,1,1
17,13,5,2,2,1,5,1,4,1,2,2,2,2,2,1,0
75,23,1,0,2,0,1,1,2,1,1,2,2,2,1,2,0
38,16,1,1,2,0,1,1,4,1,1,2,2,2,1,1,1
20,19,5,2,2,0,1,1,4,2,1,2,2,2,2,2,1
67,19,2,2,1,0,1,1,4,1,1,2,2,2,2,2,0
6,3,5,2,2,5,1,1,0,1,1,2,2,2,2,1,0
1,0,5,2,2,1,1,3,0,2,1,2,2,0,1,9,0
40,21,1,1,2,0,1,1,2,4,1,2,2,2,1,1,1
62,17,1,1,2,0,1,1,4,4,1,2,2,2,2,1,0
48,22,1,0,2,0,1,1,4,1,1,2,2,2,2,1,1
69,21,1,1,2,0,1,1,4,1,1,2,2,2,2,1,0
58,17,1,0,2,0,1,1,4,1,1,2,2,2,1,2,1
33,20,1,0,2,0,1,1,4,4,1,2,2,2,1,1,1
43,21,1,0,2,0,4,1,4,1,2,2,2,2,2,6,0
2,0,5,2,2,2,1,1,0,1,1,2,2,0,2,1,0
59,18,1,1,2,0,1,1,4,1,1,2,2,2,2,1,0
4,2,5,2,2,7,1,3,0,2,1,2,2,0,2,1,0
30,21,1,1,2,0,1,1,4,1,1,2,2,2,2,1,1
19,16,5,4,1,0,1,1,4,4,1,2,1,1,2,1,0
22,20,5,2,2,0,1,1,4,1,1,2,2,2,1,1,0
45,16,5,2,2,0,1,1,4,4,1,2,2,2,1,1,0
66,17,1,0,2,0,1,1,3,1,1,2,2,2,1,1,1
83,16,1,0,1,0,1,1,4,1,1,2,2,2,1,1,0
28,19,5,0,2,0,1,1,4,1,1,2,2,2,2,1,1
48,22,1,1,2,0,1,1,4,1,1,2,2,2,2,1,0
61,12,1,1,2,0,1,1,4,1,1,2,2,2,2,2,0
17,13,5,2,2,2,1,1,4,1,1,2,2,2,1,1,0
29,16,5,0,2,0,1,1,4,1,1,2,2,2,2,2,0
39,16,1,1,2,0,4,1,4,1,2,2,2,2,2,1,0
35,19,3,2,2,0,1,1,4,4,1,2,2,2,2,1,1
43,16,1,0,2,0,1,1,4,4,1,2,2,2,1,1,1
26,1,5,12,2,0,5,1,4,1,2,2,2,2,1,8,1
80,12,2,0,2,0,1,1,4,3,1,2,2,2,1,1,0
42,16,1,0,1,0,1,1,4,4,1,2,2,1,2,1,0
68,18,1,1,2,0,1,1,4,1,1,2,2,2,1,1,0
84,17,1,0,1,0,1,3,2,4,1,1,2,2,1,1,0
65,16,1,0,2,0,1,1,4,1,1,2,2,2,1,2,0
74,22,1,1,1,0,1,1,4,2,1,2,2,2,2,1,1
59,22,3,0,2,0,1,1,4,3,1,2,2,2,2,1,0
46,21,3,0,2,0,1,1,4,1,1,2,2,2,1,1,1
8,4,5,2,2,8,1,1,0,1,1,2,2,2,2,2,0
67,17,1,0,2,0,1,1,2,1,1,2,2,2,1,1,0
31,18,5,2,2,0,1,1,4,1,1,2,2,2,2,2,1
4,1,5,2,2,2,1,3,0,1,1,2,2,0,1,2,0
46,17,5,16,2,0,5,3,4,1,2,2,2,2,2,1,0
67,20,1,0,2,0,1,1,4,1,1,2,2,2,1,1,1
59,20,5,0,2,0,1,1,4,1,1,2,2,2,1,1,1
65,22,2,0,2,0,1,1,4,1,1,2,2,2,2,1,1
46,21,5,2,2,0,1,1,4,1,1,2,2,2,2,2,1
41,16,5,2,2,0,1,1,4,1,1,2,2,2,2,1,0
44,21,5,0,2,0,1,1,4,3,1,2,2,2,2,2,1
35,16,1,1,2,0,1,1,4,1,1,2,2,2,2,2,1
35,20,1,0,2,0,1,1,4,4,1,2,2,2,2,1,1
57,18,1,1,2,0,1,1,4,2,1,2,2,2,2,1,0
30,20,5,0,2,0,1,1,4,1,1,2,2,2,1,2,1
54,21,1,1,2,0,1,1,4,3,1,2,2,2,1,1,1
45,13,3,0,2,0,1,3,4,1,1,2,2,2,2,2,1
29,21,1,1,2,0,1,3,1,2,1,2,2,2,1,1,0
42,18,1,1,2,0,1,3,4,1,1,2,2,2,2,9,0
28,16,1,1,2,0,5,1,4,1,2,2,2,2,1,8,1
62,16,1,0,1,0,1,1,4,1,1,2,2,2,1,1,1
65,16,5,0,1,0,1,1,4,1,1,2,1,1,1,1,0
80,22,1,1,1,0,1,1,4,1,1,2,2,2,2,2,0
14,11,5,2,2,2,1,1,0,1,1,2,2,2,2,1,0
20,16,5,2,1,0,1,1,4,1,1,2,2,2,1,1,1
62,22,1,1,2,0,1,1,4,2,1,2,2,2,2,1,1
35,16,5,0,2,0,1,1,4,4,1,2,2,2,2,1,1
54,16,1,1,2,0,1,1,2,4,1,2,2,2,1,1,1
64,18,1,0,2,0,1,1,4,1,1,2,2,2,1,1,1
28,16,3,7,2,0,1,1,4,1,1,2,2,2,2,1,0
11,8,5,2,2,2,1,3,0,2,1,2,2,2,1,9,0
56,19,1,1,1,0,1,1,2,1,1,1,2,1,1,1,0
4,1,5,2,2,7,1,3,0,1,1,2,2,0,2,2,0
57,16,1,1,2,0,1,1,4,1,1,2,2,2,1,1,1
66,21,1,1,2,0,1,1,4,1,1,2,2,2,2,1,0
20,13,5,13,2,0,1,1,4,4,1,2,2,2,1,1,1
31,19,5,0,2,0,1,1,3,4,1,2,2,2,1,1,1
8,5,5,2,2,1,1,3,0,1,1,2,2,2,2,1,0
20,19,5,2,2,0,1,1,4,1,1,2,2,2,1,1,1
9,6,5,7,2,8,1,1,0,4,1,2,2,2,1,1,0
62,14,3,0,2,0,1,1,4,1,1,2,2,2,2,1,1
5,2,5,2,2,1,1,1,0,1,1,2,2,2,2,1,0
66,16,1,1,2,0,1,1,4,1,1,2,2,2,1,2,1
19,18,5,17,2,0,1,3,4,1,1,2,2,2,1,1,0
60,20,1,1,2,0,1,1,4,4,1,2,2,2,1,1,1
44,16,1,0,1,0,1,1,4,1,1,2,2,1,1,1,0
24,16,1,1,2,0,1,1,4,1,1,2,2,2,2,1,1
52,21,1,1,2,0,1,1,4,2,1,2,2,2,2,1,1
32,16,1,2,2,0,1,1,4,2,1,2,2,2,1,1,1
28,21,3,0,2,0,1,3,4,2,1,2,2,2,2,1,1
8,4,5,2,2,7,1,1,0,1,1,2,2,2,2,1,0
22,21,5,11,2,0,1,3,4,1,1,2,2,2,1,1,1
38,22,1,1,2,0,1,1,1,2,1,2,2,2,1,1,0
38,13,3,0,2,0,1,1,4,3,1,2,2,2,1,1,1
89,17,2,0,1,0,1,1,4,1,1,2,2,1,2,1,0
69,16,2,0,2,0,1,1,4,1,1,2,2,2,2,1,0
21,16,1,1,2,0,1,3,4,1,1,2,2,2,2,1,0
80,22,1,0,1,0,1,1,2,2,1,2,2,1,1,1,0
42,19,1,1,2,0,1,1,4,2,1,2,2,2,2,1,1
6,3,5,2,2,1,1,1,0,1,1,2,2,2,2,1,0
78,17,1,1,2,0,1,1,2,2,1,2,2,2,1,1,1
67,17,3,13,2,0,1,1,4,4,1,2,2,2,2,1,0
41,18,1,0,2,0,1,1,4,1,1,2,2,2,2,1,1
63,21,1,0,2,0,1,1,4,2,1,2,2,2,1,1,1
31,17,5,0,2,0,1,1,4,1,1,2,2,2,2,2,0
43,19,1,1,2,0,1,1,4,2,1,2,2,2,2,1,1
42,16,5,5,2,0,1,1,4,1,1,2,2,2,1,2,1
41,22,5,0,2,0,1,1,3,1,1,2,2,2,2,2,1
49,19,1,0,2,0,4,1,4,1,2,2,2,2,1,6,1
30,21,5,13,2,0,1,1,4,1,1,2,2,2,2,1,1
7,3,5,7,1,8,1,1,0,1,1,2,2,1,2,2,0
78,14,2,0,1,0,1,1,4,1,1,2,2,1,2,1,0
57,16,1,0,1,0,1,1,4,4,1,2,1,2,2,1,0
32,22,1,0,2,0,1,1,4,1,1,2,2,2,1,1,1
48,20,1,0,1,0,1,1,2,1,1,1,1,1,1,1,0
56,16,5,16,1,0,1,1,4,1,1,2,2,1,1,1,0
87,21,1,1,1,0,1,1,4,1,1,2,2,2,2,1,0
29,21,1,0,2,0,1,1,4,4,1,2,2,2,2,1,0
46,18,1,1,2,0,1,3,4,2,1,2,2,2,1,1,1
55,15,4,13,1,0,1,1,4,1,1,2,2,2,2,1,0
58,15,5,0,1,0,1,1,4,1,1,2,2,2,2,2,0
25,16,5,0,2,0,1,1,4,1,1,2,2,2,1,1,1
79,16,2,0,1,0,1,1,2,1,1,1,2,1,1,1,0
53,19,1,1,1,0,1,1,4,4,1,1,2,2,1,1,0
24,20,5,0,2,0,1,1,4,1,1,2,2,2,1,1,1
20,19,5,17,2,0,1,3,4,1,1,2,2,2,2,2,1
57,21,2,0,2,0,1,1,4,1,1,2,2,2,2,1,0
50,16,1,9,2,0,1,1,4,1,1,2,2,2,1,1,1
7,5,5,4,2,1,1,1,0,1,1,2,2,2,1,1,0
20,16,5,0,2,0,1,3,4,2,1,2,2,2,1,1,0
10,6,5,2,2,7,1,1,0,1,1,2,2,2,1,2,0
54,21,1,0,2,0,1,1,2,1,1,2,2,2,1,1,1
2,0,5,2,2,7,1,1,0,2,1,2,2,0,2,8,0
55,14,3,0,1,0,1,1,4,1,1,2,2,2,2,2,0
71,16,1,1,2,0,1,1,4,2,1,2,2,2,2,1,0
69,21,1,0,2,0,1,1,4,1,1,2,2,2,2,1,0
26,21,1,1,2,0,1,1,4,3,1,2,2,2,2,1,1
60,21,2,0,2,0,1,1,4,1,1,2,2,2,1,1,0
51,15,1,1,2,0,1,1,4,1,1,2,2,2,1,1,1
70,23,3,0,2,0,1,1,4,1,1,2,2,2,2,1,0
83,19,2,0,1,0,1,1,4,2,1,2,2,2,2,9,0
27,21,1,0,2,0,1,1,4,1,1,2,2,2,1,1,1
19,15,5,0,1,0,1,1,4,1,1,2,2,1,1,6,0
4,1,5,2,2,1,1,1,0,2,1,2,2,0,2,1,0
37,21,1,0,2,0,1,1,4,4,1,2,2,2,1,1,1
13,9,5,2,2,1,1,1,0,1,1,2,2,2,2,2,0
16,12,5,2,2,1,1,1,0,1,1,2,2,2,2,1,0
27,16,5,7,2,0,1,1,4,1,1,2,2,2,2,2,1
6,3,5,2,2,4,1,1,0,4,1,2,2,2,1,1,0
47,18,1,0,2,0,1,1,4,4,1,2,2,2,2,1,0
14,11,5,10,2,0,1,1,0,1,1,2,2,2,1,2,0
10,6,5,2,2,1,1,3,0,1,1,2,2,2,1,2,0
14,11,5,2,2,7,1,1,0,1,1,2,2,2,1,2,0
10,6,5,2,2,1,1,1,0,1,1,2,2,2,2,2,0
37,19,1,0,2,0,1,1,4,4,1,2,2,2,1,1,1
49,20,1,1,1,0,1,1,4,1,1,2,2,1,2,1,0
62,17,1,1,1,0,1,1,4,1,1,2,2,2,2,1,0
64,18,1,1,2,0,1,1,4,4,1,2,2,2,2,1,1
77,16,1,1,2,0,1,1,4,4,1,2,2,2,2,1,0
11,8,5,2,2,3,1,1,0,1,1,2,2,2,1,1,0
43,16,1,1,2,0,1,1,4,4,1,2,2,2,1,1,1
60,16,1,1,1,0,1,1,4,3,1,1,2,2,1,1,0
25,18,5,2,2,0,1,1,4,4,1,2,2,2,1,1,0
59,20,3,0,2,0,1,1,2,4,1,2,2,2,1,1,0
67,16,1,1,2,0,1,1,3,1,1,2,2,2,1,1,0
74,22,2,0,2,0,1,1,4,1,1,2,2,2,2,1,0
56,17,2,13,2,0,1,1,4,4,1,2,2,2,2,1,1
85,21,1,1,1,0,1,1,4,1,1,2,2,2,2,1,0
7,3,5,7,2,8,1,3,0,1,1,2,2,2,2,9,0
87,16,2,0,1,0,1,1,4,1,1,2,2,1,2,1,0
12,9,5,2,2,2,1,1,0,4,1,2,2,2,2,1,0
26,21,1,0,2,0,1,3,4,1,1,2,2,2,2,1,1
86,11,1,0,2,0,1,1,4,2,1,2,2,2,2,1,0
88,1,1,1,1,0,1,1,4,4,1,1,2,2,2,1,0
13,10,5,2,2,1,1,1,0,1,1,2,2,2,2,1,0
38,16,5,0,2,0,1,1,4,4,1,2,2,2,1,2,0
2,0,5,2,2,5,1,1,0,1,1,2,2,0,2,1,0
77,16,3,0,1,0,1,1,4,1,1,2,2,2,2,1,0
69,23,2,0,2,0,1,1,4,2,1,2,2,2,2,1,1
73,19,5,0,2,0,1,1,4,1,1,2,2,2,2,2,1
14,11,5,2,2,1,1,1,0,4,1,2,2,2,2,1,0
58,16,3,8,1,0,1,1,4,4,1,2,2,2,2,1,0
10,5,5,2,2,2,1,1,0,1,1,2,2,2,1,9,0
60,16,1,1,2,0,1,1,4,1,1,2,2,2,1,1,1
4,1,5,2,2,5,1,1,0,1,1,2,2,0,2,1,0
64,19,1,0,2,0,1,1,4,4,1,2,2,2,2,1,1
67,16,1,1,2,0,1,1,4,1,1,2,2,2,1,2,0
71,10,2,6,1,0,5,1,4,1,2,1,2,2,2,6,0
38,19,5,4,1,0,1,3,4,1,1,2,2,2,1,1,0
27,17,1,0,2,0,1,1,4,1,1,2,2,2,1,1,1
44,22,5,12,2,0,5,1,4,4,2,2,2,2,1,2,1
55,22,1,1,1,0,1,1,4,1,1,1,2,2,1,1,1
9,6,5,2,2,8,1,3,0,4,1,2,2,2,1,1,0
3,1,5,2,2,2,1,1,0,1,1,2,2,0,1,1,0
36,16,1,0,2,0,1,1,4,2,1,2,2,2,1,1,1
83,16,3,10,2,0,1,1,4,1,1,2,2,2,2,1,1
77,17,2,16,1,0,1,1,4,1,1,2,1,1,2,1,0
49,22,1,0,2,0,1,1,4,1,1,2,2,2,1,1,1
85,21,1,1,1,0,1,1,4,4,1,2,2,2,2,2,0
25,16,1,1,2,0,1,1,4,4,1,2,2,2,2,1,0
12,9,5,2,2,7,1,1,0,1,1,2,2,2,2,2,0
10,7,5,2,2,2,1,1,0,1,1,2,2,2,2,1,0
56,16,3,2,2,0,1,1,2,4,1,2,2,2,1,2,0
63,21,1,0,2,0,1,1,4,1,1,2,2,2,2,1,0
60,20,1,0,2,0,1,1,4,1,1,2,2,2,2,1,1
28,16,5,15,2,0,1,3,3,4,1,2,2,2,1,1,1
22,19,5,17,2,0,1,1,4,1,1,2,2,2,2,1,0
78,16,1,1,1,0,1,1,4,4,1,2,2,2,2,1,0
68,16,1,1,1,0,1,1,4,2,1,2,2,2,1,2,0
32,21,1,1,2,0,1,1,4,4,1,2,2,2,2,2,1
28,19,5,16,1,0,1,3,4,1,1,2,2,1,1,2,0
60,20,1,0,1,0,1,3,2,2,1,2,2,2,1,1,1
22,19,5,17,2,0,1,1,4,1,1,2,2,2,2,2,0
31,22,1,1,2,0,1,1,4,2,1,2,2,2,2,1,1
12,8,5,4,2,1,1,3,0,4,1,2,2,2,2,1,0
61,16,5,17,1,0,1,1,4,2,1,2,2,1,1,2,0
53,22,2,0,1,0,1,3,4,1,1,2,1,1,2,1,1
49,22,5,0,2,0,1,1,4,1,1,2,2,2,1,1,1
42,22,1,1,2,0,1,1,4,2,1,2,2,2,2,1,1
33,22,1,0,2,0,1,1,4,2,1,2,2,2,1,2,1
68,22,1,0,2,0,1,1,4,4,1,2,2,2,1,1,1
45,17,1,1,2,0,1,1,4,4,1,2,2,2,2,1,1
59,16,2,0,2,0,1,3,4,1,1,2,2,2,2,1,0
23,21,5,2,2,0,1,1,4,2,1,2,2,2,2,1,1
42,19,1,1,2,0,1,1,4,1,1,2,2,2,2,1,1
73,22,1,1,1,0,1,1,2,1,1,1,2,2,1,1,1
80,18,1,1,2,0,1,1,4,1,1,2,2,2,2,1,0
26,16,5,10,2,0,5,1,4,1,2,2,2,2,1,8,1
9,6,5,7,2,0,1,1,0,4,1,2,2,2,1,2,0
16,13,5,7,1,8,1,1,0,1,1,2,2,1,1,2,0
68,16,1,0,1,0,1,1,4,1,1,1,2,2,1,1,1
24,1,1,1,2,0,5,1,4,1,2,2,2,2,1,1,1
73,22,1,1,2,0,1,1,4,1,1,2,2,2,2,1,0
51,18,5,0,2,0,1,1,4,4,1,2,2,2,1,1,1
67,21,1,0,2,0,1,1,4,1,1,2,2,2,1,1,1
71,18,1,1,2,0,1,1,4,4,1,2,2,2,2,1,0
74,11,2,0,1,0,1,1,4,1,1,1,1,2,2,1,0
16,13,5,2,2,2,1,3,0,1,1,2,2,2,1,1,0
93,16,2,0,2,0,1,1,4,1,1,2,2,2,2,1,0
66,15,2,0,1,0,1,1,4,2,1,2,1,2,1,2,0
3,1,5,2,2,8,1,1,0,1,1,2,2,0,1,1,0
55,20,1,0,2,0,1,1,4,1,1,2,2,2,1,1,1
28,10,3,12,2,0,1,1,4,1,1,2,2,2,2,1,0
64,19,3,0,1,0,1,1,4,4,1,2,2,1,2,1,0
19,16,1,0,2,0,1,3,4,4,1,2,2,2,1,1,1
13,10,5,4,2,1,1,1,0,4,1,2,2,2,1,2,0
64,19,1,0,2,0,1,1,2,1,1,2,2,2,1,1,0
0,0,5,2,2,2,1,0,0,4,1,2,2,0,2,1,0
35,11,3,0,1,0,1,1,4,4,1,1,1,1,1,1,0
41,19,4,15,2,0,1,1,4,1,1,2,2,2,2,1,1
8,5,5,7,2,7,1,1,0,1,1,2,2,2,2,2,0
65,16,3,0,2,0,1,1,4,4,1,2,2,2,2,1,1
11,8,5,2,2,1,1,1,0,4,1,2,2,2,2,1,0
28,21,1,0,2,0,1,1,4,2,1,2,2,2,2,1,0
12,9,5,2,2,7,1,1,0,1,1,2,2,2,2,2,0
19,19,5,12,2,0,1,3,4,1,1,2,2,2,2,1,0
36,20,1,1,2,0,1,1,4,4,1,2,2,2,2,1,1
17,14,5,2,2,1,1,3,2,4,1,2,2,2,1,1,1
85,16,2,0,1,0,1,1,4,1,1,1,2,1,2,1,0
73,20,1,0,2,0,1,1,2,3,1,2,2,2,1,1,1
65,21,3,0,2,0,1,1,2,3,1,2,2,2,1,1,0
60,22,1,0,2,0,1,1,4,4,1,2,2,2,2,1,1
53,22,1,0,2,0,4,1,4,1,2,2,2,2,2,1,1
62,16,3,0,2,0,1,1,4,4,1,2,2,2,2,1,1
65,22,1,1,2,0,1,1,4,4,1,2,2,2,2,1,0
36,16,5,0,2,0,1,1,4,2,1,2,2,2,2,1,1
13,10,5,2,2,2,1,1,0,4,1,2,2,2,1,1,0
48,21,5,0,2,0,1,1,4,2,1,2,2,2,1,1,1
27,16,1,1,2,0,1,1,4,1,1,2,2,2,2,1,1
56,19,1,1,2,0,1,1,4,2,1,2,2,2,2,1,1
66,21,1,1,2,0,1,1,4,2,1,2,2,2,2,1,0
14,10,5,16,1,0,1,1,0,1,1,2,2,1,2,1,0
78,16,1,1,1,0,1,1,4,1,1,1,1,2,2,1,1
55,11,3,0,2,0,1,1,4,3,1,2,2,2,1,1,1
47,20,1,1,2,0,1,1,4,1,1,2,2,2,1,1,1
6,3,5,2,2,7,1,3,0,4,1,2,2,2,1,1,0
76,16,3,0,2,0,1,1,4,1,1,2,2,2,2,2,0
25,21,5,4,1,0,1,3,4,4,1,1,2,2,2,1,1
22,16,5,15,2,0,5,3,4,1,2,2,2,2,1,1,0
20,16,5,4,2,0,1,1,4,1,1,2,2,2,2,2,1
20,19,5,17,2,0,3,1,4,2,1,2,2,2,1,1,0
28,14,5,2,2,0,1,3,4,1,1,2,2,2,1,1,1
59,14,5,0,2,0,1,1,4,1,1,2,2,2,2,2,0
51,17,3,0,1,0,1,1,4,1,1,2,2,1,2,1,0
51,22,2,0,2,0,1,1,4,2,1,2,2,2,1,1,1
38,13,5,16,2,0,1,1,4,1,1,2,2,2,1,1,0
56,18,3,0,2,0,1,1,4,1,1,2,2,2,2,1,1
47,20,5,0,2,0,1,1,4,1,1,2,2,2,2,2,0
42,17,1,0,2,0,1,1,4,1,1,2,2,2,2,1,1
53,23,5,5,1,0,1,1,4,1,1,2,2,2,1,1,0
43,18,1,0,2,0,1,1,4,4,1,2,2,2,1,1,1
80,21,2,0,2,0,1,1,2,1,1,2,2,2,1,2,0
26,19,1,0,2,0,1,3,4,2,1,2,2,2,1,1,1
61,15,1,0,2,0,1,1,4,4,1,2,2,2,2,1,1
66,21,3,0,2,0,1,1,4,2,1,2,2,2,1,1,1
71,21,1,1,2,0,1,1,4,2,1,2,2,2,2,1,0
25,21,5,4,2,0,1,1,4,4,1,2,2,2,1,1,1
66,16,1,1,2,0,1,1,4,2,1,2,2,2,1,1,1
55,21,1,1,2,0,1,1,4,1,1,2,2,2,2,1,1
71,16,1,0,2,0,1,1,3,4,1,2,2,2,1,1,0
51,15,3,0,1,0,1,1,4,1,1,2,2,2,1,2,0
52,16,1,0,2,0,1,1,4,1,1,2,2,2,1,1,1
19,18,5,17,2,0,1,3,4,1,1,2,2,2,2,2,0
26,21,1,0,2,0,1,1,4,2,1,2,2,2,2,1,1
42,16,3,0,2,0,1,1,4,4,1,2,2,2,1,1,0
14,11,5,2,2,2,1,1,0,4,1,2,2,2,2,1,0
52,20,1,0,2,0,1,1,4,2,1,2,2,2,2,1,1
59,21,3,0,2,0,1,1,4,2,1,2,2,2,1,5,0
31,14,1,1,1,0,1,1,4,3,1,2,2,1,1,1,1
34,19,3,0,2,0,1,1,4,1,1,2,2,2,2,1,1
53,19,1,0,2,0,1,1,4,1,1,2,2,2,2,2,0
61,16,1,1,2,0,1,1,4,1,1,2,2,2,2,2,1
37,10,5,10,1,0,1,3,4,2,1,1,2,2,1,1,1
59,17,1,0,2,0,1,1,4,1,1,2,2,2,2,1,0
73,18,1,0,1,0,1,1,2,2,1,1,2,2,1,1,0
75,19,1,0,2,0,1,1,4,1,1,2,2,2,2,1,0
52,16,3,16,2,0,1,1,4,1,1,2,2,2,1,1,0
59,23,1,1,2,0,1,1,4,1,1,2,2,2,1,1,1
4,1,5,2,2,2,1,3,0,4,1,2,2,0,2,1,0
7,3,5,2,2,5,1,3,0,2,1,2,2,2,1,9,0
24,16,5,13,2,0,1,3,4,3,1,2,2,2,1,1,1
71,22,1,1,2,0,1,1,4,4,1,2,2,2,2,1,0
57,22,3,2,2,0,1,1,4,2,1,2,2,2,2,1,1
17,14,5,2,2,1,1,1,4,2,1,2,2,2,1,1,0
73,19,1,1,2,0,1,1,4,4,1,2,2,2,2,1,0
55,21,3,0,2,0,1,1,4,2,1,2,2,2,2,1,1
65,13,1,0,2,0,1,1,4,1,1,2,2,2,2,1,1
57,18,1,1,2,0,1,1,4,1,1,2,2,2,2,1,0
47,16,1,1,2,0,1,1,4,1,1,2,2,2,1,2,1
38,16,5,0,2,0,1,1,4,1,1,2,2,2,1,2,1
57,16,1,0,2,0,1,1,4,1,1,2,2,2,2,1,1
44,21,3,0,2,0,1,3,2,2,1,2,2,2,1,1,1
27,20,5,0,2,0,1,1,4,1,1,2,2,2,2,2,1
78,16,1,0,1,0,1,1,4,1,1,1,1,2,1,1,0
42,13,3,0,2,0,1,1,4,1,1,2,2,2,1,1,1
48,16,2,0,1,0,1,1,4,1,1,2,2,2,2,2,0
58,13,1,1,2,0,1,1,4,4,1,2,2,2,2,1,1
68,16,3,16,1,0,1,3,2,1,1,2,2,2,1,1,0
70,16,1,1,1,0,1,1,4,1,1,2,2,1,1,2,0
51,11,1,0,1,0,1,1,4,1,1,2,2,2,1,1,0
70,16,1,0,1,0,1,3,4,4,1,2,1,2,1,1,0
56,17,5,0,2,0,1,1,4,1,1,2,2,2,2,2,0
37,21,1,0,2,0,1,1,4,1,1,2,2,2,1,1,1
49,15,3,5,1,0,1,1,4,1,1,2,2,1,1,1,0
74,16,1,0,2,0,1,1,2,4,1,2,2,2,1,1,0
32,20,5,0,2,0,1,3,4,1,1,2,2,2,1,2,1
62,21,1,0,2,0,1,1,2,3,1,2,2,2,1,1,0
79,13,2,0,2,0,1,1,4,1,1,2,2,2,2,2,0
46,20,1,0,2,0,1,1,4,1,1,2,2,2,2,1,1
60,20,1,0,2,0,1,1,4,2,1,2,2,2,1,1,1
29,17,1,0,2,0,1,1,4,4,1,2,2,2,2,1,0
11,8,5,2,2,5,1,1,0,1,1,2,2,2,2,1,0
62,18,1,0,2,0,1,1,4,4,1,2,2,2,1,2,1
9,5,5,2,2,2,1,1,0,2,1,2,2,2,1,1,0
51,19,5,0,2,0,1,1,4,1,1,2,2,2,2,1,1
57,17,3,12,1,0,1,1,3,1,1,2,2,1,1,1,0
36,21,1,1,2,0,1,1,3,1,1,2,2,2,1,1,1
45,12,1,0,2,0,1,1,4,1,1,2,2,2,1,1,0
25,16,5,13,2,0,1,3,4,1,1,2,2,2,1,1,1
17,14,5,2,2,1,1,1,4,1,1,2,2,2,2,1,1
40,20,1,0,2,0,1,1,2,1,1,2,2,2,1,1,1
81,16,1,1,1,0,1,1,4,1,1,1,1,2,2,1,0
63,18,1,0,2,0,1,1,4,2,1,2,2,2,1,1,1
64,21,1,1,2,0,1,1,4,1,1,2,2,2,1,1,0
11,7,5,2,2,7,1,1,0,4,1,2,2,2,1,9,0
68,16,1,0,1,0,1,1,4,1,1,1,2,2,1,1,0
21,19,5,2,2,0,1,1,4,2,1,2,2,2,1,1,0
21,16,1,9,2,0,1,1,4,1,1,2,2,2,2,1,1
55,17,1,1,2,0,1,1,4,4,1,2,2,2,1,1,1
62,16,3,0,2,0,1,1,4,1,1,2,2,2,2,2,1
28,12,1,1,2,0,5,1,4,1,2,2,2,2,1,1,1
73,18,2,0,1,0,1,1,2,1,1,1,2,2,1,2,0
63,13,2,0,2,0,1,1,4,4,1,2,2,2,2,1,0
52,16,5,0,2,0,1,1,4,1,1,2,2,2,2,1,1
31,19,5,15,2,0,1,1,4,1,1,2,2,2,2,1,1
76,16,2,5,1,0,1,1,4,4,1,2,2,1,2,2,0
43,19,1,1,2,0,1,1,4,1,1,2,2,2,2,1,1
5,2,5,2,2,2,1,1,0,4,1,2,2,2,1,1,0
3,1,5,2,2,2,1,1,0,1,1,2,2,0,2,1,0
6,3,5,10,1,0,1,1,0,1,1,2,2,2,1,9,0
46,21,1,0,2,0,1,1,4,3,1,2,2,2,1,1,1
2,0,5,2,2,1,1,1,0,2,1,2,2,0,1,1,0
67,18,1,0,1,0,1,1,2,2,1,1,1,2,1,1,0
74,16,2,0,1,0,1,1,4,4,1,1,2,2,2,1,1
5,2,5,7,2,1,1,1,0,2,1,2,2,2,1,1,0
40,22,1,1,2,0,1,1,4,1,1,2,2,2,1,1,1
41,22,1,1,2,0,1,1,4,1,1,2,2,2,2,1,1
73,18,1,1,2,0,1,1,4,1,1,2,2,2,2,1,0
11,9,5,2,2,1,1,1,0,4,1,2,2,2,1,1,0
44,20,3,0,2,0,1,1,4,1,1,2,2,2,2,1,0
66,19,2,16,1,0,1,1,4,1,1,2,2,1,2,1,0
28,23,5,13,2,0,1,3,4,1,1,2,2,2,1,6,1
23,21,5,0,2,0,1,1,4,3,1,2,2,2,2,1,1
65,16,1,1,2,0,1,1,4,4,1,2,2,2,2,2,0
27,16,1,1,2,0,1,1,4,1,1,2,2,2,1,1,1
26,13,5,16,2,0,1,1,4,1,1,2,2,2,1,2,0
76,16,1,1,1,0,1,1,4,4,1,2,2,1,1,1,0
75,16,3,13,2,0,1,1,3,1,1,2,2,2,1,1,1
18,16,5,2,2,0,1,1,4,1,1,2,2,2,1,1,0
70,6,2,16,1,0,1,1,4,1,1,2,1,2,1,2,0
81,16,1,1,2,0,1,1,4,1,1,2,2,2,2,1,0
62,13,2,9,1,0,1,1,4,2,1,2,2,2,1,1,0
55,20,1,1,2,0,1,1,4,1,1,2,2,2,2,1,1
83,21,2,0,1,0,1,1,4,1,1,1,2,2,2,1,0
76,19,1,1,2,0,1,1,4,2,1,2,2,2,1,1,0
11,8,5,2,2,1,1,1,0,1,1,2,2,2,2,1,0
24,19,5,0,2,0,1,1,4,4,1,2,2,2,1,1,0
66,17,1,1,2,0,1,1,4,1,1,2,2,2,1,1,1
63,14,3,0,1,0,1,1,4,1,1,2,2,2,2,1,0
88,15,2,0,1,0,1,1,4,3,1,2,1,2,2,1,0
45,16,5,0,2,0,1,1,2,1,1,2,2,2,1,2,1
38,19,5,0,2,0,1,1,4,1,1,2,2,2,2,2,1
54,21,1,1,2,0,1,1,4,1,1,2,2,2,2,1,1
72,19,3,0,2,0,1,1,4,4,1,2,2,2,2,1,0
6,3,5,2,2,1,1,1,0,1,1,2,2,2,2,1,0
37,22,1,0,2,0,1,1,4,1,1,2,2,2,2,1,1
39,17,1,16,2,0,1,1,4,1,1,2,2,2,1,1,0
13,7,5,2,2,1,1,1,0,3,1,2,2,2,2,1,0
61,17,1,0,2,0,1,1,3,1,1,2,2,2,2,2,1
12,1,5,2,2,4,1,1,0,1,1,2,2,2,1,1,0
84,21,1,0,2,0,1,1,4,1,1,2,2,2,1,1,0
41,24,1,0,2,0,1,1,4,2,1,2,2,2,1,1,1
55,16,1,1,1,0,1,1,4,4,1,2,2,2,1,1,0
76,16,2,0,1,0,1,1,4,4,1,2,2,2,2,1,0
73,18,1,0,2,0,1,1,3,2,1,2,2,2,1,1,0
46,19,1,0,1,0,1,1,4,4,1,2,1,2,2,1,1
27,21,1,0,2,0,1,3,2,1,1,2,2,2,2,2,1
20,14,5,2,2,0,1,1,4,4,1,2,2,2,2,1,0
72,22,4,0,2,0,1,1,2,4,1,2,2,2,1,1,0
50,16,5,16,1,0,1,1,4,1,1,2,2,2,1,1,0
7,4,5,7,2,8,1,1,0,1,1,2,2,2,1,1,0
47,1,3,5,1,0,1,1,4,1,1,2,2,1,1,1,0
18,14,5,16,1,0,1,3,4,4,1,2,2,1,2,1,0
67,18,3,15,1,0,2,1,4,4,1,2,2,2,2,2,0
31,21,1,0,2,0,1,1,4,1,1,2,2,2,2,1,1
75,16,2,0,2,0,1,1,4,1,1,2,2,2,2,1,0
27,16,5,2,1,0,1,1,4,1,1,2,1,2,1,1,0
13,10,5,3,1,3,1,3,0,1,1,2,2,1,1,2,0
50,16,1,0,2,0,1,1,4,4,1,2,2,2,2,1,1
30,19,1,0,2,0,1,1,4,1,1,2,2,2,2,1,1
66,20,3,0,1,0,1,1,4,1,1,2,2,2,2,1,0
62,13,1,1,2,0,1,1,4,4,1,2,2,2,2,1,0
82,20,3,0,1,0,1,1,4,1,1,1,1,2,2,1,0
71,16,1,1,1,0,1,1,4,1,1,2,2,2,2,1,0
4,1,5,2,2,1,1,1,0,4,1,2,2,0,1,1,0
60,17,1,0,2,0,1,1,4,1,1,2,2,2,1,1,1
67,20,1,0,1,0,1,1,4,1,1,2,2,2,2,2,0
34,20,1,0,2,0,1,1,4,1,1,2,2,2,2,1,1
70,21,1,1,2,0,1,1,3,4,1,2,2,2,1,1,1
15,13,5,2,2,7,1,1,0,1,1,2,2,2,2,1,0
62,16,1,0,2,0,1,1,4,1,1,2,2,2,1,1,1
27,19,5,0,2,0,1,3,4,1,1,2,2,2,1,1,1
40,11,1,1,2,0,1,1,4,4,1,2,2,2,1,1,0
70,8,1,1,2,0,1,1,4,4,1,2,2,2,1,2,0
22,16,5,3,2,0,1,1,4,1,1,2,2,2,2,2,1
46,15,5,0,2,0,1,1,4,4,1,2,2,2,2,2,0
1,0,5,2,2,1,1,3,0,4,1,2,2,0,1,1,0
12,9,5,2,2,7,1,1,0,1,1,2,2,2,2,9,0
40,16,1,1,2,0,1,1,4,1,1,2,2,2,1,2,1
22,19,5,2,2,0,1,3,4,2,1,2,2,2,2,2,1
59,16,1,0,2,0,1,1,4,1,1,2,2,2,1,1,1
60,24,1,1,2,0,3,1,4,1,1,2,2,2,1,1,1
62,16,2,0,1,0,1,1,4,1,1,2,2,2,2,2,1
84,22,1,1,1,0,1,1,2,1,1,1,2,2,1,1,1
74,21,1,0,1,0,1,1,2,1,1,1,2,2,1,1,1
58,20,1,0,2,0,1,1,4,2,1,2,2,2,2,1,1
15,12,5,3,2,1,1,3,0,4,1,2,2,2,1,1,0
45,16,1,1,2,0,1,1,4,4,1,2,2,2,2,1,0
83,21,2,0,1,0,1,1,2,1,1,2,2,2,1,1,0
47,12,5,16,1,0,1,1,4,1,1,2,1,1,1,2,0
55,19,3,0,1,0,1,1,4,4,1,2,2,1,1,3,1
34,21,1,0,2,0,1,1,4,1,1,2,2,2,2,1,1
93,16,1,1,1,0,1,1,2,1,1,2,2,1,1,2,0
10,7,5,7,2,1,1,1,0,2,1,2,2,2,1,1,0
48,19,1,0,2,0,1,1,4,1,1,2,2,2,1,1,1
69,21,1,1,2,0,1,1,4,4,1,2,2,2,2,1,1
1,0,5,7,2,8,1,1,0,1,1,2,2,0,2,2,0
70,16,1,0,1,0,1,1,4,2,1,1,2,2,2,1,0
28,21,1,0,2,0,1,1,4,2,1,2,2,2,1,1,0
14,11,5,2,2,2,1,1,0,1,1,2,2,2,1,1,0
53,22,4,0,2,0,1,1,4,1,1,2,2,2,2,1,1
66,21,1,1,2,0,1,1,4,1,1,2,2,2,2,1,0
73,18,1,1,1,0,1,3,4,1,1,2,2,2,2,2,0
70,13,1,1,1,0,1,1,2,1,1,2,2,2,1,1,0
58,16,3,0,2,0,1,1,4,1,1,2,2,2,2,1,1
15,11,5,2,2,2,1,3,0,1,1,2,2,2,2,2,0
42,16,1,1,2,0,1,1,4,2,1,2,2,2,1,1,1
59,12,3,2,1,0,1,1,4,4,1,2,2,2,2,1,0
48,20,1,0,2,0,1,1,4,4,1,2,2,2,2,1,1
59,21,1,0,2,0,1,1,4,4,1,2,2,2,1,1,1
53,16,1,0,2,0,1,1,4,1,1,2,2,2,1,1,1
46,17,5,16,2,0,5,3,4,1,2,2,2,2,2,1,0
70,13,3,0,2,0,1,1,4,4,1,2,2,2,2,2,0
7,4,5,2,2,7,1,3,0,1,1,2,2,2,2,2,0
40,16,3,0,2,0,1,3,3,1,1,2,2,2,1,2,1
17,15,5,2,2,1,1,1,4,3,1,2,2,2,2,1,0
4,2,5,2,2,1,1,1,0,4,1,2,2,0,2,1,0
6,2,5,2,2,2,1,1,0,4,1,2,2,2,1,1,0
78,21,3,6,1,0,1,1,4,4,1,2,1,2,2,2,1
53,16,1,0,1,0,1,1,4,1,1,2,2,1,1,1,0
18,14,5,2,2,0,1,1,4,1,1,2,2,2,1,1,1
52,16,1,1,2,0,1,1,4,4,1,2,2,2,2,1,0
79,16,2,5,2,0,1,1,2,4,1,2,2,2,1,1,0
30,20,1,1,2,0,1,1,4,2,1,2,2,2,1,1,1
11,8,5,2,1,2,1,1,0,1,1,2,2,1,1,1,0
44,19,1,0,2,0,1,1,4,2,1,2,2,2,1,2,1
61,1,1,1,2,0,1,1,4,4,1,2,2,2,2,1,1
6,3,5,2,2,7,1,1,0,4,1,2,2,2,2,1,0
74,17,2,0,2,0,1,1,4,4,1,2,2,2,2,1,1
65,16,1,0,1,0,1,1,4,1,1,1,2,2,1,1,0
1,0,5,2,2,2,1,1,0,2,1,2,2,0,1,1,0
1,0,5,2,2,1,1,1,0,1,1,2,2,0,2,1,0
65,18,1,0,2,0,1,1,4,1,1,2,2,2,1,1,0
46,21,1,0,2,0,1,1,4,1,1,2,2,2,1,1,1
64,21,2,0,2,0,1,1,4,1,1,2,2,2,2,1,1
73,20,1,0,1,0,1,1,2,1,1,2,2,2,1,1,0
62,16,1,0,1,0,1,1,4,1,1,2,2,2,2,2,0
37,18,1,1,2,0,4,1,4,1,2,2,2,2,2,6,1
17,13,5,10,2,0,1,3,4,1,1,2,2,2,1,1,0
55,16,3,0,2,0,1,1,4,4,1,2,2,2,1,1,0
50,23,3,0,2,0,1,1,4,3,1,2,2,2,2,1,1
22,20,5,2,2,0,1,1,4,1,1,2,2,2,1,1,1
61,21,1,1,2,0,1,1,4,4,1,2,2,2,1,1,1
89,18,2,0,1,0,4,1,4,1,2,2,2,2,1,1,0
60,21,1,1,2,0,3,1,4,1,1,2,2,2,1,1,1
68,16,1,1,2,0,1,1,4,1,1,2,2,2,2,2,0
32,14,5,2,1,0,1,3,4,1,1,2,2,1,1,1,0
17,14,5,2,2,1,1,1,4,1,1,2,2,2,2,1,0
68,16,1,0,2,0,1,1,4,4,1,2,2,2,2,2,0
36,16,5,5,2,0,1,1,4,1,1,2,2,2,2,2,0
47,20,2,0,2,0,1,1,4,1,1,2,2,2,2,2,1
8,5,5,2,2,7,1,1,0,1,1,2,2,2,2,2,0
51,21,5,0,2,0,5,1,4,1,2,2,2,2,2,6,1
61,16,5,5,2,0,1,1,4,1,1,2,2,2,2,2,1
28,20,1,1,2,0,5,1,4,1,2,2,2,2,1,6,1
23,18,5,0,2,0,1,1,4,1,1,2,2,2,2,2,1
58,19,1,1,1,0,1,1,4,1,1,2,2,2,2,1,0
68,16,1,0,1,0,1,1,4,4,1,2,2,2,2,1,0
68,20,1,0,2,0,1,1,2,2,1,2,2,2,1,1,0
26,16,1,1,2,0,1,1,4,3,1,2,2,2,2,1,0
76,16,1,12,1,0,1,1,4,4,1,2,2,1,2,1,0
78,1,1,1,2,0,1,1,4,4,1,2,2,2,1,1,0
74,21,1,1,1,0,1,3,4,1,1,2,2,2,2,2,0
16,13,5,2,2,1,1,1,0,1,1,2,2,2,2,2,1
34,19,5,2,2,0,1,1,4,2,1,2,2,2,2,2,1
8,4,5,2,2,1,1,1,0,2,1,2,2,2,2,1,0
60,21,1,0,2,0,1,1,4,1,1,2,2,2,2,2,0
8,5,5,4,2,5,5,3,0,1,2,2,2,2,2,8,0
53,17,1,1,2,0,1,1,4,1,1,2,2,2,2,1,0
68,22,5,0,2,0,1,1,4,1,1,2,2,2,2,1,0
46,17,1,1,1,0,1,1,4,1,1,2,2,1,2,1,0
43,20,1,0,2,0,1,3,2,3,1,2,2,2,1,1,1
30,21,1,0,2,0,1,3,4,4,1,2,2,2,2,1,1
74,23,1,1,1,0,1,1,4,2,1,1,2,2,1,1,0
8,3,5,7,2,8,1,1,0,1,1,2,2,2,2,1,0
79,19,2,0,2,0,1,1,4,4,1,2,2,2,2,1,0
65,19,1,0,2,0,1,2,3,2,1,2,2,2,1,1,0
0,0,5,2,2,2,1,0,0,2,1,2,2,0,1,1,0
31,16,5,2,2,0,1,1,4,4,1,2,2,2,2,2,1
55,18,3,0,1,0,1,1,4,2,1,2,1,2,2,1,0
10,7,5,2,2,7,1,3,0,1,1,2,2,2,2,1,0
37,19,1,1,2,0,1,1,4,4,1,2,2,2,2,1,1
68,14,1,1,1,0,1,1,4,4,1,2,2,2,1,1,1
8,3,5,2,2,1,1,1,0,1,1,2,2,2,1,2,0
51,18,1,1,2,0,4,1,4,4,2,2,2,2,1,1,1
3,1,5,2,2,7,1,3,0,4,1,2,2,0,1,1,0
5,2,5,2,2,5,1,1,0,2,1,2,2,2,2,1,0
14,11,5,2,2,8,1,1,0,1,1,2,2,2,1,2,0
36,16,5,0,1,0,1,1,4,2,1,1,2,1,1,1,1
71,13,1,1,2,0,1,1,4,1,1,2,2,2,1,2,0
33,15,5,0,1,0,4,1,4,1,2,2,2,2,2,6,1
57,22,1,0,2,0,1,1,4,2,1,2,2,2,1,1,1
72,9,1,1,1,0,1,1,4,1,1,2,2,2,2,1,0
12,8,5,2,2,7,1,1,0,1,1,2,2,2,1,2,0
63,17,2,6,2,0,1,3,4,2,1,2,2,2,2,1,0
66,17,1,0,2,0,1,1,3,1,1,2,2,2,1,1,0
50,19,3,0,2,0,1,1,4,1,1,2,2,2,2,1,1
63,19,1,0,2,0,1,1,2,1,1,2,2,2,1,1,1
46,18,3,0,1,0,1,1,4,4,1,2,2,2,2,1,1
67,14,3,0,2,0,1,1,4,2,1,2,2,2,1,2,0
16,13,5,2,2,1,1,1,0,4,1,2,2,2,1,1,0
40,21,1,1,2,0,1,1,4,2,1,2,2,2,2,1,1
68,19,1,1,2,0,1,1,2,1,1,2,2,2,1,1,0
4,1,5,7,2,0,1,1,0,1,1,2,2,0,2,2,0
63,19,1,1,2,0,1,1,4,4,1,2,2,2,2,2,1
35,17,1,0,2,0,1,1,4,4,1,2,2,2,1,1,1
61,16,1,1,2,0,1,1,4,1,1,2,2,2,2,1,1
15,11,5,3,2,3,1,1,0,1,1,2,2,2,2,1,0
71,21,1,1,2,0,1,3,4,1,1,2,2,2,2,1,0
73,16,1,1,1,0,1,1,4,1,1,1,2,2,2,1,0
18,14,5,2,2,0,1,1,4,2,1,2,2,2,1,1,0
70,20,1,1,1,0,1,1,3,2,1,1,2,2,1,1,1
50,19,1,1,2,0,1,3,4,1,1,2,2,2,1,1,1
2,0,5,2,2,8,1,3,0,1,1,2,2,0,1,2,0
45,1,5,10,1,0,1,1,4,1,1,2,2,1,1,2,0
4,1,5,2,2,1,1,1,0,1,1,2,2,0,1,1,0
28,19,1,0,2,0,1,1,4,4,1,2,2,2,2,1,1
34,21,1,1,2,0,5,2,4,1,2,2,2,2,2,6,0
58,16,3,0,2,0,1,1,4,4,1,2,2,2,1,2,0
75,16,3,0,2,0,1,1,4,1,1,2,2,2,2,2,0
30,16,1,0,2,0,1,1,4,2,1,2,2,2,1,1,1
56,18,1,0,2,0,1,1,4,1,1,2,2,2,1,1,1
6,4,5,2,2,1,1,1,0,1,1,2,2,2,1,1,0
70,20,1,0,2,0,1,1,4,1,1,2,2,2,2,1,0
71,16,1,1,2,0,1,1,4,1,1,2,2,2,2,2,0
27,21,5,0,2,0,5,1,4,1,2,2,2,2,1,2,1
2,0,5,2,2,2,1,1,0,4,1,2,2,0,2,1,0
23,19,5,2,1,0,1,1,4,2,1,2,2,1,1,1,1
62,20,2,0,2,0,1,1,4,1,1,2,2,2,1,1,0
22,18,1,0,2,0,1,1,4,1,1,2,2,2,2,1,0
5,2,5,2,2,1,1,1,0,4,1,2,2,2,1,1,0
23,19,5,0,2,0,1,1,4,4,1,2,2,2,2,1,0
57,18,1,0,2,0,1,1,4,1,1,2,2,2,1,1,1
51,16,1,0,2,0,1,1,4,1,1,2,2,2,1,1,1
34,22,1,1,2,0,1,1,4,4,1,2,2,2,1,1,1
80,17,1,0,1,0,1,1,2,3,1,2,1,2,1,1,0
75,16,1,0,1,0,1,1,4,2,1,2,1,2,1,1,0
61,22,3,0,2,0,1,1,4,4,1,2,2,2,2,1,1
20,17,5,16,2,0,1,1,4,1,1,2,2,2,1,1,0
52,12,1,1,2,0,1,1,4,1,1,2,2,2,1,1,0
60,14,5,16,1,0,1,1,4,1,1,2,2,2,1,2,0
74,24,1,0,2,0,1,1,2,4,1,2,2,2,1,1,1
66,16,1,1,2,0,1,1,4,1,1,2,2,2,1,1,0
39,19,1,1,2,0,1,1,4,2,1,2,2,2,2,1,1
76,13,1,0,1,0,1,1,4,3,1,1,2,2,1,1,0
57,19,4,0,2,0,1,1,2,1,1,2,2,2,1,2,1
9,5,5,2,2,2,3,1,0,2,1,2,2,2,2,9,0
59,22,1,1,2,0,5,1,4,1,2,2,2,2,1,2,0
15,12,5,3,2,1,1,1,0,4,1,2,2,2,2,1,0
15,12,5,2,2,7,1,1,0,4,1,2,2,2,2,1,0
12,10,5,7,2,0,1,1,0,1,1,2,2,2,1,2,0
46,16,1,1,1,0,1,1,4,4,1,2,1,2,2,1,1
65,15,5,0,1,0,1,1,4,1,1,2,2,1,1,1,0
26,16,5,13,2,0,1,1,4,1,1,2,2,2,2,1,0
42,22,1,0,2,0,1,3,4,1,1,2,2,2,2,1,1
15,13,5,2,2,7,1,1,0,1,1,2,2,2,2,2,0
49,19,1,0,2,0,1,1,4,1,1,2,2,2,1,1,1
3,2,5,7,2,2,1,3,0,1,1,2,2,0,1,1,0
1,0,5,2,2,7,1,1,0,2,1,2,2,0,1,1,0
69,19,2,0,1,0,1,1,2,1,1,1,1,2,1,1,0
22,21,5,13,2,0,1,3,4,4,1,2,2,2,2,1,1
13,9,5,15,2,0,1,1,0,1,1,2,2,2,2,1,0
46,19,1,0,2,0,1,1,4,2,1,2,2,2,1,1,1
23,22,5,7,2,0,1,1,4,4,1,2,2,2,2,1,1
24,16,1,9,2,0,1,3,4,1,1,2,2,2,1,1,1
38,21,1,0,2,0,1,1,4,1,1,2,2,2,2,1,1
40,23,1,1,2,0,1,3,4,1,1,2,2,2,1,1,1
32,21,1,1,2,0,5,1,4,1,2,2,2,2,2,6,0
22,21,5,5,2,0,1,1,4,1,1,2,2,2,2,1,1
63,20,1,1,2,0,1,1,3,4,1,2,2,2,1,1,1
46,21,1,1,2,0,1,1,4,2,1,2,2,2,2,1,1
63,21,1,1,2,0,1,1,4,1,1,2,2,2,1,1,1
26,21,5,0,2,0,1,3,4,1,1,2,2,2,1,2,1
8,5,5,2,2,1,1,1,0,4,1,2,2,2,1,1,0
40,21,1,0,2,0,1,1,4,1,1,2,2,2,2,1,1
32,19,5,0,2,0,1,1,4,4,1,2,2,2,2,2,0
47,20,1,0,1,0,1,1,3,1,1,2,2,1,1,1,0
48,20,3,13,1,0,1,1,4,1,1,2,2,1,1,1,1
39,16,5,5,2,0,1,1,4,1,1,2,2,2,2,6,1
32,13,5,0,2,0,1,1,4,1,1,2,2,2,1,2,0
86,19,1,1,1,0,1,1,4,1,1,1,2,2,2,1,0
73,19,2,0,1,0,1,1,4,4,1,2,1,2,2,1,0
12,9,5,2,2,1,1,1,0,1,1,2,2,2,1,1,0
75,21,1,1,2,0,1,1,4,2,1,2,2,2,2,1,0
28,16,5,0,2,0,1,1,4,1,1,2,2,2,1,2,1
72,16,1,0,1,0,1,1,4,1,1,2,2,2,1,1,0
56,21,1,0,2,0,1,1,4,2,1,2,2,2,2,1,1
55,21,3,0,1,0,1,1,4,2,1,2,2,2,1,1,0
77,9,1,1,2,0,1,3,4,2,1,2,2,2,1,1,0
46,19,3,16,2,0,1,1,4,2,1,2,2,2,2,9,0
63,16,1,0,2,0,1,1,4,1,1,2,2,2,2,1,1
1,0,5,7,2,7,1,1,0,2,1,2,2,0,2,1,0
58,16,1,1,2,0,1,1,4,4,1,2,2,2,2,1,0
72,21,2,10,2,0,1,1,4,2,1,2,2,2,2,1,0
44,19,5,0,2,0,1,1,4,1,1,2,2,2,2,2,0
80,16,1,0,2,0,1,1,2,4,1,2,2,2,1,1,0
47,16,3,0,2,0,1,1,4,1,1,2,2,2,2,2,1
82,21,1,1,2,0,1,1,4,1,1,2,2,2,2,1,0
58,16,1,0,1,0,3,1,4,1,1,2,2,1,1,1,0
33,13,5,0,2,0,1,1,4,1,1,2,2,2,1,2,1
3,1,5,2,2,2,1,1,0,1,1,2,2,0,1,1,0
68,19,2,13,2,0,1,1,4,1,1,2,2,2,2,1,0
9,6,5,4,2,1,1,1,0,1,1,2,2,2,2,1,0
29,21,1,0,2,0,1,1,4,4,1,2,2,2,2,1,1
41,15,5,2,1,0,1,1,4,1,1,2,2,1,1,1,1
16,13,5,2,2,1,1,1,0,1,1,2,2,2,1,1,0
71,16,1,0,2,0,1,1,4,4,1,2,2,2,2,1,0
17,14,5,15,1,0,1,1,4,1,1,2,2,2,1,1,1
67,16,3,0,2,0,1,1,4,1,1,2,2,2,2,1,0
54,16,1,1,2,0,1,1,4,1,1,2,2,2,1,1,1
11,8,5,2,2,8,1,1,0,3,1,2,2,2,1,2,0
60,16,5,2,2,0,1,1,4,1,1,2,2,2,1,2,0
26,16,5,0,2,0,1,1,4,1,1,2,2,2,2,2,0
17,14,5,2,2,3,1,1,3,2,1,2,2,2,1,1,1
65,17,1,0,2,0,1,1,4,4,1,2,2,2,2,1,1
37,19,3,0,2,0,1,1,4,1,1,2,2,2,2,1,1
5,1,5,2,2,8,1,1,0,4,1,2,2,2,2,1,0
81,21,2,0,2,0,1,1,4,2,1,2,2,2,2,1,0
46,16,1,0,2,0,1,1,4,1,1,2,2,2,2,2,1
56,19,1,1,2,0,1,1,4,1,1,2,2,2,2,2,0
74,22,1,1,2,0,1,1,4,2,1,2,2,2,2,9,0
69,21,1,1,2,0,1,1,2,1,1,2,2,2,1,1,0
9,6,5,2,2,7,1,1,0,1,1,2,2,2,1,2,0
65,16,5,10,2,0,1,1,2,1,1,2,2,2,1,2,0
63,19,1,0,2,0,1,1,4,1,1,2,2,2,1,1,1
10,7,5,2,2,7,1,1,0,4,1,2,2,2,2,1,0
27,16,5,2,2,0,1,3,4,4,1,2,2,2,1,1,1
25,21,5,7,2,0,1,1,4,1,1,2,2,2,1,1,1
61,21,1,0,2,0,1,1,4,2,1,2,2,2,2,1,0
24,21,5,5,2,0,1,3,4,2,1,2,2,2,2,1,1
51,21,1,0,2,0,1,3,4,1,1,2,2,2,2,1,1
71,19,1,0,1,0,1,1,2,1,1,2,2,2,1,1,0
23,16,5,12,2,0,1,1,4,1,1,2,2,2,2,2,0
53,16,1,0,2,0,1,1,4,1,1,2,2,2,2,1,1
46,21,5,0,2,0,1,1,4,2,1,2,2,2,1,1,1
26,19,5,0,2,0,1,3,4,4,1,2,2,2,1,1,1
60,19,1,0,2,0,1,1,4,4,1,2,2,2,2,2,0
52,20,1,0,2,0,1,1,4,1,1,2,2,2,1,1,1
21,20,5,12,2,0,4,3,4,4,2,2,2,2,2,1,1
2,0,5,2,2,8,1,1,0,1,1,2,2,0,2,1,0
76,19,1,0,2,0,1,1,2,1,1,2,2,2,1,1,0
1,0,5,2,2,1,1,1,0,1,1,2,2,0,1,1,0
50,1,1,1,1,0,1,1,4,2,1,2,2,2,2,1,0
39,19,5,15,1,0,1,3,4,4,1,2,2,1,1,1,1
57,21,1,1,2,0,1,1,4,4,1,2,2,2,2,1,0
64,18,1,1,2,0,1,1,4,2,1,2,2,2,1,1,1
25,16,5,2,2,0,1,1,4,1,1,2,2,2,1,2,1
13,9,5,3,2,1,1,1,0,1,1,2,2,2,1,2,0
27,12,5,16,2,0,1,3,4,1,1,2,2,2,2,1,0
10,8,5,4,2,5,1,1,0,1,1,2,2,2,1,2,0
58,22,1,0,1,0,1,1,3,1,1,2,2,2,2,1,0
58,20,1,0,1,0,1,1,4,1,1,2,2,2,2,2,1
71,19,2,0,1,0,1,1,4,4,1,2,2,2,2,1,0
36,19,1,0,2,0,1,3,4,2,1,2,2,2,1,2,1
16,13,5,2,1,8,1,1,0,3,1,2,1,2,2,1,0
82,17,5,0,1,0,1,1,2,4,1,2,2,2,1,1,0
27,20,5,15,2,0,1,1,4,1,1,2,2,2,1,1,0
19,16,5,2,2,0,1,1,4,1,1,2,2,2,1,1,0
71,18,2,0,1,0,1,1,4,4,1,2,2,2,2,1,0
41,15,1,1,2,0,1,1,4,1,1,2,2,2,2,1,1
1,0,5,2,1,7,1,1,0,1,1,1,1,0,2,2,0
15,11,5,2,1,7,1,1,0,1,1,2,2,1,2,1,0
44,16,3,13,2,0,1,3,4,1,1,2,2,2,2,1,1
82,17,2,6,1,0,1,1,4,1,1,2,2,1,2,1,0
48,16,1,0,1,0,1,1,4,1,1,2,2,2,1,2,0
79,14,1,1,1,0,1,1,4,1,1,1,1,1,1,1,0
18,18,5,17,2,0,1,3,4,1,1,2,2,2,2,1,0
13,9,5,2,2,1,1,1,0,3,1,2,2,2,2,1,0
55,16,3,16,2,0,1,1,4,1,1,2,2,2,1,2,0
65,19,2,0,1,0,1,1,4,2,1,2,2,1,2,1,0
32,16,5,5,2,0,1,1,4,4,1,2,2,2,1,1,0
60,13,1,0,1,0,1,1,2,1,1,2,2,2,1,1,0
57,13,1,0,2,0,5,1,4,4,2,2,2,2,1,6,1
67,13,2,0,2,0,1,1,4,4,1,2,2,2,1,2,0
23,20,1,1,2,0,1,1,4,1,1,2,2,2,1,1,1
34,16,1,1,2,0,1,1,4,4,1,2,2,2,1,1,1
29,19,1,0,2,0,1,3,2,2,1,2,2,2,1,1,1
31,21,1,1,2,0,1,1,4,1,1,2,2,2,2,1,0
15,13,5,2,2,7,1,1,0,4,1,2,2,2,2,2,0
16,13,5,4,2,5,1,3,0,1,1,2,2,2,2,2,0
17,14,5,4,2,1,1,1,4,1,1,2,2,2,1,2,0
68,16,2,0,2,0,1,3,4,4,1,2,2,2,2,1,1
23,20,5,2,2,0,1,1,4,3,1,2,2,2,1,1,1
27,14,5,0,2,0,1,1,4,2,1,2,2,2,1,1,1
48,11,1,1,2,0,1,1,4,1,1,2,2,2,1,1,1
6,1,5,2,2,7,1,1,0,4,1,2,2,2,2,1,0
48,19,3,17,2,0,1,3,4,1,1,2,2,2,2,1,0
93,21,1,0,2,0,1,1,2,2,1,2,2,2,1,1,0
58,16,1,0,2,0,1,1,2,4,1,2,2,2,1,1,0
24,20,1,2,2,0,1,1,4,3,1,2,2,2,1,1,1
31,16,4,0,2,0,1,1,4,1,1,2,2,2,2,1,0
51,14,3,16,1,0,1,3,4,4,1,2,1,1,1,2,0
85,9,2,6,1,0,1,1,4,1,1,1,1,1,2,1,0
16,14,5,7,2,0,1,1,0,3,1,2,2,2,1,1,0
46,16,1,0,2,0,1,1,4,1,1,2,2,2,2,1,1
67,16,3,0,2,0,1,1,4,1,1,2,2,2,2,2,1
65,21,1,1,2,0,1,1,4,1,1,2,2,2,1,1,1
6,3,5,7,2,7,1,3,0,1,1,2,2,2,1,2,0
43,22,1,1,2,0,1,1,4,1,1,2,2,2,2,1,1
27,16,1,1,2,0,1,1,4,4,1,2,2,2,1,1,1
54,20,1,1,2,0,1,1,4,1,1,2,2,2,2,1,1
18,14,5,17,2,0,2,2,4,1,1,2,2,2,1,2,1
31,19,4,0,1,0,1,1,4,2,1,2,1,2,2,2,1
71,16,1,1,2,0,1,1,2,1,1,2,2,2,1,2,0
55,19,1,0,2,0,1,1,4,1,1,2,2,2,2,1,1
76,24,1,1,2,0,1,1,2,1,1,2,2,2,1,1,0
9,7,5,2,1,1,1,1,0,1,1,2,2,1,1,1,0
25,16,5,4,2,0,1,1,4,1,1,2,2,2,1,1,1
63,13,3,0,1,0,1,1,4,4,1,2,2,1,2,1,0
51,18,5,0,1,0,1,1,4,4,1,2,1,2,1,1,0
69,21,1,0,2,0,1,1,4,1,1,2,2,2,1,2,1
0,0,5,7,2,6,1,0,0,1,1,2,2,0,1,1,0
56,18,5,0,1,0,1,1,4,4,1,2,2,2,2,2,0
45,6,4,0,2,0,5,1,4,1,2,2,2,2,1,1,1
37,16,1,0,2,0,1,1,4,1,1,2,2,2,1,2,1
51,16,1,1,2,0,1,1,4,1,1,2,2,2,2,2,1
34,19,5,12,2,0,1,1,2,1,1,2,2,2,1,1,1
32,13,5,0,2,0,1,1,4,4,1,2,2,2,1,1,0
66,17,1,0,2,0,1,1,4,4,1,2,2,2,2,1,0
10,7,5,2,2,1,1,1,0,1,1,2,2,2,1,2,0
73,13,1,1,1,0,1,1,4,1,1,1,2,2,2,1,0
1,0,5,2,2,1,1,1,0,2,1,2,2,0,1,1,0
65,21,1,1,2,0,1,1,4,1,1,2,2,2,2,2,0
70,14,1,1,1,0,1,1,4,2,1,1,2,2,2,1,0
12,8,5,2,2,1,1,1,0,2,1,2,2,2,2,1,0
74,18,4,5,1,0,1,1,2,2,1,2,2,1,1,1,0
60,21,1,0,2,0,1,1,4,3,1,2,2,2,2,1,1
19,15,5,7,2,0,1,1,4,2,1,2,2,2,2,1,0
